Consumer,Frequency,Gender,Age,Homesize,Work,Income,Preference,Sweetness,BITTER,Crisp,sens1,sens2,product
168,1,2,4,3,7,2,4,2,4,2,6.682682581,-2.541967427,Bolero_E
168,1,2,4,3,7,2,5,5,2,6,6.44115938,3.538032306,Bolero_L
168,1,2,4,3,7,2,4,2,2,3,-1.948242663,-4.2903897,Major_E
168,1,2,4,3,7,2,7,6,2,6,0.481107608,-1.331679381,Major_L
168,1,2,4,3,7,2,5,4,2,4,2.180890883,-4.670070418,Navar_E
168,1,2,4,3,7,2,6,6,2,5,2.078225118,3.414982277,Navar_L
168,1,2,4,3,7,2,5,3,2,5,-4.078251216,-1.249329138,Nelson_E
168,1,2,4,3,7,2,6,6,2,6,0.789331742,6.42021138,Nelson_L
168,1,2,4,3,7,2,5,4,1,5,-0.592235283,-4.415712623,Turbo_E
168,1,2,4,3,7,2,6,4,2,4,0.465522145,1.32344672,Turbo_L
168,1,2,4,3,7,2,4,2,3,3,-6.240110102,-1.115678747,Yukon_E
168,1,2,4,3,7,2,5,5,3,6,-6.260080193,4.918154752,Yukon_L
169,1,1,4,3,7,2,6,5,1,5,6.682682581,-2.541967427,Bolero_E
169,1,1,4,3,7,2,6,6,1,4,6.44115938,3.538032306,Bolero_L
169,1,1,4,3,7,2,5,2,2,3,-1.948242663,-4.2903897,Major_E
169,1,1,4,3,7,2,5,3,2,2,0.481107608,-1.331679381,Major_L
169,1,1,4,3,7,2,5,5,2,2,2.180890883,-4.670070418,Navar_E
169,1,1,4,3,7,2,5,2,2,4,2.078225118,3.414982277,Navar_L
169,1,1,4,3,7,2,5,2,2,3,-4.078251216,-1.249329138,Nelson_E
169,1,1,4,3,7,2,4,2,5,2,0.789331742,6.42021138,Nelson_L
169,1,1,4,3,7,2,6,4,1,2,-0.592235283,-4.415712623,Turbo_E
169,1,1,4,3,7,2,3,2,3,2,0.465522145,1.32344672,Turbo_L
169,1,1,4,3,7,2,6,5,1,3,-6.240110102,-1.115678747,Yukon_E
169,1,1,4,3,7,2,5,3,2,3,-6.260080193,4.918154752,Yukon_L
171,1,1,2,3,2,3,4,3,3,6,6.682682581,-2.541967427,Bolero_E
171,1,1,2,3,2,3,5,2,1,3,6.44115938,3.538032306,Bolero_L
171,1,1,2,3,2,3,4,2,3,2,-1.948242663,-4.2903897,Major_E
171,1,1,2,3,2,3,5,5,3,6,0.481107608,-1.331679381,Major_L
171,1,1,2,3,2,3,5,3,1,3,2.180890883,-4.670070418,Navar_E
171,1,1,2,3,2,3,5,2,5,4,2.078225118,3.414982277,Navar_L
171,1,1,2,3,2,3,6,6,1,6,-4.078251216,-1.249329138,Nelson_E
171,1,1,2,3,2,3,7,5,2,5,0.789331742,6.42021138,Nelson_L
171,1,1,2,3,2,3,4,2,5,2,-0.592235283,-4.415712623,Turbo_E
171,1,1,2,3,2,3,7,6,2,6,0.465522145,1.32344672,Turbo_L
171,1,1,2,3,2,3,5,4,3,5,-6.240110102,-1.115678747,Yukon_E
171,1,1,2,3,2,3,5,4,1,4,-6.260080193,4.918154752,Yukon_L
172,1,1,3,1,7,1,5,4,2,4,6.682682581,-2.541967427,Bolero_E
172,1,1,3,1,7,1,5,6,2,5,6.44115938,3.538032306,Bolero_L
172,1,1,3,1,7,1,3,3,6,3,-1.948242663,-4.2903897,Major_E
172,1,1,3,1,7,1,3,3,6,4,0.481107608,-1.331679381,Major_L
172,1,1,3,1,7,1,7,3,3,3,2.180890883,-4.670070418,Navar_E
172,1,1,3,1,7,1,4,4,5,5,2.078225118,3.414982277,Navar_L
172,1,1,3,1,7,1,6,5,2,5,-4.078251216,-1.249329138,Nelson_E
172,1,1,3,1,7,1,6,5,2,6,0.789331742,6.42021138,Nelson_L
172,1,1,3,1,7,1,3,NA,5,4,-0.592235283,-4.415712623,Turbo_E
172,1,1,3,1,7,1,5,5,3,5,0.465522145,1.32344672,Turbo_L
172,1,1,3,1,7,1,4,4,4,3,-6.240110102,-1.115678747,Yukon_E
172,1,1,3,1,7,1,6,5,2,5,-6.260080193,4.918154752,Yukon_L
173,1,1,3,1,5,3,7,4,1,3,6.682682581,-2.541967427,Bolero_E
173,1,1,3,1,5,3,5,5,1,1,6.44115938,3.538032306,Bolero_L
173,1,1,3,1,5,3,4,1,2,1,-1.948242663,-4.2903897,Major_E
173,1,1,3,1,5,3,6,5,1,2,0.481107608,-1.331679381,Major_L
173,1,1,3,1,5,3,4,2,1,2,2.180890883,-4.670070418,Navar_E
173,1,1,3,1,5,3,4,3,1,1,2.078225118,3.414982277,Navar_L
173,1,1,3,1,5,3,4,1,2,2,-4.078251216,-1.249329138,Nelson_E
173,1,1,3,1,5,3,4,1,2,1,0.789331742,6.42021138,Nelson_L
173,1,1,3,1,5,3,4,2,1,1,-0.592235283,-4.415712623,Turbo_E
173,1,1,3,1,5,3,7,6,1,2,0.465522145,1.32344672,Turbo_L
173,1,1,3,1,5,3,4,1,1,2,-6.240110102,-1.115678747,Yukon_E
173,1,1,3,1,5,3,4,3,1,2,-6.260080193,4.918154752,Yukon_L
174,1,2,4,3,5,2,6,6,1,4,6.682682581,-2.541967427,Bolero_E
174,1,2,4,3,5,2,7,3,1,3,6.44115938,3.538032306,Bolero_L
174,1,2,4,3,5,2,1,2,1,1,-1.948242663,-4.2903897,Major_E
174,1,2,4,3,5,2,6,4,1,3,0.481107608,-1.331679381,Major_L
174,1,2,4,3,5,2,1,2,1,1,2.180890883,-4.670070418,Navar_E
174,1,2,4,3,5,2,7,4,1,4,2.078225118,3.414982277,Navar_L
174,1,2,4,3,5,2,6,6,1,1,-4.078251216,-1.249329138,Nelson_E
174,1,2,4,3,5,2,4,4,1,2,0.789331742,6.42021138,Nelson_L
174,1,2,4,3,5,2,1,2,1,1,-0.592235283,-4.415712623,Turbo_E
174,1,2,4,3,5,2,5,4,1,2,0.465522145,1.32344672,Turbo_L
174,1,2,4,3,5,2,6,5,1,2,-6.240110102,-1.115678747,Yukon_E
174,1,2,4,3,5,2,6,5,1,5,-6.260080193,4.918154752,Yukon_L
175,1,2,2,3,3,3,3,3,2,3,6.682682581,-2.541967427,Bolero_E
175,1,2,2,3,3,3,6,5,1,4,6.44115938,3.538032306,Bolero_L
175,1,2,2,3,3,3,4,2,5,2,-1.948242663,-4.2903897,Major_E
175,1,2,2,3,3,3,5,5,2,5,0.481107608,-1.331679381,Major_L
175,1,2,2,3,3,3,3,5,3,3,2.180890883,-4.670070418,Navar_E
175,1,2,2,3,3,3,5,5,1,4,2.078225118,3.414982277,Navar_L
175,1,2,2,3,3,3,4,2,5,4,-4.078251216,-1.249329138,Nelson_E
175,1,2,2,3,3,3,4,6,1,5,0.789331742,6.42021138,Nelson_L
175,1,2,2,3,3,3,3,6,1,3,-0.592235283,-4.415712623,Turbo_E
175,1,2,2,3,3,3,5,3,2,3,0.465522145,1.32344672,Turbo_L
175,1,2,2,3,3,3,4,2,4,3,-6.240110102,-1.115678747,Yukon_E
175,1,2,2,3,3,3,5,4,3,2,-6.260080193,4.918154752,Yukon_L
176,1,2,3,1,2,1,7,3,4,2,6.682682581,-2.541967427,Bolero_E
176,1,2,3,1,2,1,4,5,3,3,6.44115938,3.538032306,Bolero_L
176,1,2,3,1,2,1,7,3,2,2,-1.948242663,-4.2903897,Major_E
176,1,2,3,1,2,1,6,6,2,2,0.481107608,-1.331679381,Major_L
176,1,2,3,1,2,1,7,2,2,2,2.180890883,-4.670070418,Navar_E
176,1,2,3,1,2,1,6,2,1,2,2.078225118,3.414982277,Navar_L
176,1,2,3,1,2,1,5,2,1,4,-4.078251216,-1.249329138,Nelson_E
176,1,2,3,1,2,1,6,2,2,2,0.789331742,6.42021138,Nelson_L
176,1,2,3,1,2,1,2,2,2,1,-0.592235283,-4.415712623,Turbo_E
176,1,2,3,1,2,1,5,6,3,3,0.465522145,1.32344672,Turbo_L
176,1,2,3,1,2,1,7,2,2,2,-6.240110102,-1.115678747,Yukon_E
176,1,2,3,1,2,1,6,3,2,3,-6.260080193,4.918154752,Yukon_L
177,1,2,3,1,7,2,5,3,2,3,6.682682581,-2.541967427,Bolero_E
177,1,2,3,1,7,2,4,4,3,3,6.44115938,3.538032306,Bolero_L
177,1,2,3,1,7,2,6,5,1,5,-1.948242663,-4.2903897,Major_E
177,1,2,3,1,7,2,5,3,3,3,0.481107608,-1.331679381,Major_L
177,1,2,3,1,7,2,7,5,1,6,2.180890883,-4.670070418,Navar_E
177,1,2,3,1,7,2,5,4,2,6,2.078225118,3.414982277,Navar_L
177,1,2,3,1,7,2,3,1,5,2,-4.078251216,-1.249329138,Nelson_E
177,1,2,3,1,7,2,3,5,5,6,0.789331742,6.42021138,Nelson_L
177,1,2,3,1,7,2,6,4,1,3,-0.592235283,-4.415712623,Turbo_E
177,1,2,3,1,7,2,4,3,3,5,0.465522145,1.32344672,Turbo_L
177,1,2,3,1,7,2,7,5,1,5,-6.240110102,-1.115678747,Yukon_E
177,1,2,3,1,7,2,4,2,4,3,-6.260080193,4.918154752,Yukon_L
178,1,2,3,3,7,2,4,4,2,2,6.682682581,-2.541967427,Bolero_E
178,1,2,3,3,7,2,4,4,4,4,6.44115938,3.538032306,Bolero_L
178,1,2,3,3,7,2,5,4,2,3,-1.948242663,-4.2903897,Major_E
178,1,2,3,3,7,2,5,5,2,3,0.481107608,-1.331679381,Major_L
178,1,2,3,3,7,2,5,5,2,5,2.180890883,-4.670070418,Navar_E
178,1,2,3,3,7,2,5,3,2,2,2.078225118,3.414982277,Navar_L
178,1,2,3,3,7,2,6,6,2,5,-4.078251216,-1.249329138,Nelson_E
178,1,2,3,3,7,2,3,3,6,2,0.789331742,6.42021138,Nelson_L
178,1,2,3,3,7,2,5,3,2,2,-0.592235283,-4.415712623,Turbo_E
178,1,2,3,3,7,2,6,5,1,4,0.465522145,1.32344672,Turbo_L
178,1,2,3,3,7,2,6,5,1,4,-6.240110102,-1.115678747,Yukon_E
178,1,2,3,3,7,2,6,6,1,4,-6.260080193,4.918154752,Yukon_L
179,1,2,3,1,2,2,6,5,2,4,6.682682581,-2.541967427,Bolero_E
179,1,2,3,1,2,2,6,6,2,3,6.44115938,3.538032306,Bolero_L
179,1,2,3,1,2,2,5,5,2,3,-1.948242663,-4.2903897,Major_E
179,1,2,3,1,2,2,5,4,2,3,0.481107608,-1.331679381,Major_L
179,1,2,3,1,2,2,6,5,2,5,2.180890883,-4.670070418,Navar_E
179,1,2,3,1,2,2,4,4,3,4,2.078225118,3.414982277,Navar_L
179,1,2,3,1,2,2,5,5,2,5,-4.078251216,-1.249329138,Nelson_E
179,1,2,3,1,2,2,3,2,4,3,0.789331742,6.42021138,Nelson_L
179,1,2,3,1,2,2,5,5,2,2,-0.592235283,-4.415712623,Turbo_E
179,1,2,3,1,2,2,7,6,1,4,0.465522145,1.32344672,Turbo_L
179,1,2,3,1,2,2,5,3,2,2,-6.240110102,-1.115678747,Yukon_E
179,1,2,3,1,2,2,4,4,3,3,-6.260080193,4.918154752,Yukon_L
180,1,1,3,1,3,3,5,4,3,3,6.682682581,-2.541967427,Bolero_E
180,1,1,3,1,3,3,6,5,3,5,6.44115938,3.538032306,Bolero_L
180,1,1,3,1,3,3,5,4,2,4,-1.948242663,-4.2903897,Major_E
180,1,1,3,1,3,3,4,3,2,3,0.481107608,-1.331679381,Major_L
180,1,1,3,1,3,3,4,2,4,2,2.180890883,-4.670070418,Navar_E
180,1,1,3,1,3,3,5,5,2,4,2.078225118,3.414982277,Navar_L
180,1,1,3,1,3,3,5,4,2,4,-4.078251216,-1.249329138,Nelson_E
180,1,1,3,1,3,3,6,4,2,4,0.789331742,6.42021138,Nelson_L
180,1,1,3,1,3,3,5,4,2,3,-0.592235283,-4.415712623,Turbo_E
180,1,1,3,1,3,3,5,4,3,3,0.465522145,1.32344672,Turbo_L
180,1,1,3,1,3,3,4,2,2,3,-6.240110102,-1.115678747,Yukon_E
180,1,1,3,1,3,3,6,5,3,6,-6.260080193,4.918154752,Yukon_L
181,1,2,3,3,5,2,4,2,3,3,6.682682581,-2.541967427,Bolero_E
181,1,2,3,3,5,2,5,5,2,2,6.44115938,3.538032306,Bolero_L
181,1,2,3,3,5,2,4,2,2,2,-1.948242663,-4.2903897,Major_E
181,1,2,3,3,5,2,5,4,2,3,0.481107608,-1.331679381,Major_L
181,1,2,3,3,5,2,3,2,4,3,2.180890883,-4.670070418,Navar_E
181,1,2,3,3,5,2,5,5,3,3,2.078225118,3.414982277,Navar_L
181,1,2,3,3,5,2,4,3,2,3,-4.078251216,-1.249329138,Nelson_E
181,1,2,3,3,5,2,5,4,3,5,0.789331742,6.42021138,Nelson_L
181,1,2,3,3,5,2,4,2,1,3,-0.592235283,-4.415712623,Turbo_E
181,1,2,3,3,5,2,5,3,2,3,0.465522145,1.32344672,Turbo_L
181,1,2,3,3,5,2,4,2,2,3,-6.240110102,-1.115678747,Yukon_E
181,1,2,3,3,5,2,5,5,3,3,-6.260080193,4.918154752,Yukon_L
182,1,1,3,1,7,1,6,6,1,5,6.682682581,-2.541967427,Bolero_E
182,1,1,3,1,7,1,6,3,1,3,6.44115938,3.538032306,Bolero_L
182,1,1,3,1,7,1,6,4,1,4,-1.948242663,-4.2903897,Major_E
182,1,1,3,1,7,1,5,2,1,2,0.481107608,-1.331679381,Major_L
182,1,1,3,1,7,1,6,5,1,3,2.180890883,-4.670070418,Navar_E
182,1,1,3,1,7,1,6,4,1,4,2.078225118,3.414982277,Navar_L
182,1,1,3,1,7,1,6,5,1,3,-4.078251216,-1.249329138,Nelson_E
182,1,1,3,1,7,1,6,3,1,3,0.789331742,6.42021138,Nelson_L
182,1,1,3,1,7,1,5,2,1,2,-0.592235283,-4.415712623,Turbo_E
182,1,1,3,1,7,1,6,4,1,4,0.465522145,1.32344672,Turbo_L
182,1,1,3,1,7,1,5,3,1,3,-6.240110102,-1.115678747,Yukon_E
182,1,1,3,1,7,1,7,4,1,3,-6.260080193,4.918154752,Yukon_L
183,2,2,2,3,1,1,4,2,1,2,6.682682581,-2.541967427,Bolero_E
183,2,2,2,3,1,1,5,2,1,2,6.44115938,3.538032306,Bolero_L
183,2,2,2,3,1,1,4,1,2,1,-1.948242663,-4.2903897,Major_E
183,2,2,2,3,1,1,7,2,1,2,0.481107608,-1.331679381,Major_L
183,2,2,2,3,1,1,5,1,2,1,2.180890883,-4.670070418,Navar_E
183,2,2,2,3,1,1,5,2,2,2,2.078225118,3.414982277,Navar_L
183,2,2,2,3,1,1,6,3,1,3,-4.078251216,-1.249329138,Nelson_E
183,2,2,2,3,1,1,6,3,1,4,0.789331742,6.42021138,Nelson_L
183,2,2,2,3,1,1,6,3,1,3,-0.592235283,-4.415712623,Turbo_E
183,2,2,2,3,1,1,4,2,3,1,0.465522145,1.32344672,Turbo_L
183,2,2,2,3,1,1,5,2,3,2,-6.240110102,-1.115678747,Yukon_E
183,2,2,2,3,1,1,5,3,3,4,-6.260080193,4.918154752,Yukon_L
184,1,2,3,3,4,2,3,5,4,3,6.682682581,-2.541967427,Bolero_E
184,1,2,3,3,4,2,5,5,1,4,6.44115938,3.538032306,Bolero_L
184,1,2,3,3,4,2,6,4,2,3,-1.948242663,-4.2903897,Major_E
184,1,2,3,3,4,2,5,3,1,5,0.481107608,-1.331679381,Major_L
184,1,2,3,3,4,2,4,2,1,1,2.180890883,-4.670070418,Navar_E
184,1,2,3,3,4,2,3,4,4,5,2.078225118,3.414982277,Navar_L
184,1,2,3,3,4,2,5,3,4,4,-4.078251216,-1.249329138,Nelson_E
184,1,2,3,3,4,2,3,5,5,5,0.789331742,6.42021138,Nelson_L
184,1,2,3,3,4,2,4,3,1,1,-0.592235283,-4.415712623,Turbo_E
184,1,2,3,3,4,2,3,5,3,3,0.465522145,1.32344672,Turbo_L
184,1,2,3,3,4,2,4,2,1,1,-6.240110102,-1.115678747,Yukon_E
184,1,2,3,3,4,2,5,3,3,2,-6.260080193,4.918154752,Yukon_L
185,1,2,3,1,5,3,3,4,5,2,6.682682581,-2.541967427,Bolero_E
185,1,2,3,1,5,3,4,5,2,2,6.44115938,3.538032306,Bolero_L
185,1,2,3,1,5,3,2,1,4,2,-1.948242663,-4.2903897,Major_E
185,1,2,3,1,5,3,5,5,1,2,0.481107608,-1.331679381,Major_L
185,1,2,3,1,5,3,4,4,1,1,2.180890883,-4.670070418,Navar_E
185,1,2,3,1,5,3,3,6,5,4,2.078225118,3.414982277,Navar_L
185,1,2,3,1,5,3,2,4,3,2,-4.078251216,-1.249329138,Nelson_E
185,1,2,3,1,5,3,5,5,2,4,0.789331742,6.42021138,Nelson_L
185,1,2,3,1,5,3,4,5,2,2,-0.592235283,-4.415712623,Turbo_E
185,1,2,3,1,5,3,6,5,2,5,0.465522145,1.32344672,Turbo_L
185,1,2,3,1,5,3,5,3,1,4,-6.240110102,-1.115678747,Yukon_E
185,1,2,3,1,5,3,4,6,1,3,-6.260080193,4.918154752,Yukon_L
186,1,1,4,1,5,NA,2,2,5,2,6.682682581,-2.541967427,Bolero_E
186,1,1,4,1,5,NA,4,5,3,3,6.44115938,3.538032306,Bolero_L
186,1,1,4,1,5,NA,4,2,3,2,-1.948242663,-4.2903897,Major_E
186,1,1,4,1,5,NA,7,6,1,6,0.481107608,-1.331679381,Major_L
186,1,1,4,1,5,NA,3,1,2,6,2.180890883,-4.670070418,Navar_E
186,1,1,4,1,5,NA,3,2,3,4,2.078225118,3.414982277,Navar_L
186,1,1,4,1,5,NA,4,5,3,5,-4.078251216,-1.249329138,Nelson_E
186,1,1,4,1,5,NA,3,5,2,4,0.789331742,6.42021138,Nelson_L
186,1,1,4,1,5,NA,4,5,3,3,-0.592235283,-4.415712623,Turbo_E
186,1,1,4,1,5,NA,3,2,3,3,0.465522145,1.32344672,Turbo_L
186,1,1,4,1,5,NA,2,3,6,4,-6.240110102,-1.115678747,Yukon_E
186,1,1,4,1,5,NA,6,5,1,5,-6.260080193,4.918154752,Yukon_L
187,2,2,4,1,7,2,4,2,2,1,6.682682581,-2.541967427,Bolero_E
187,2,2,4,1,7,2,6,5,1,5,6.44115938,3.538032306,Bolero_L
187,2,2,4,1,7,2,4,1,2,1,-1.948242663,-4.2903897,Major_E
187,2,2,4,1,7,2,4,2,1,3,0.481107608,-1.331679381,Major_L
187,2,2,4,1,7,2,5,2,2,2,2.180890883,-4.670070418,Navar_E
187,2,2,4,1,7,2,5,3,1,3,2.078225118,3.414982277,Navar_L
187,2,2,4,1,7,2,5,2,1,2,-4.078251216,-1.249329138,Nelson_E
187,2,2,4,1,7,2,4,1,1,1,0.789331742,6.42021138,Nelson_L
187,2,2,4,1,7,2,5,2,1,2,-0.592235283,-4.415712623,Turbo_E
187,2,2,4,1,7,2,2,1,1,1,0.465522145,1.32344672,Turbo_L
187,2,2,4,1,7,2,4,2,1,2,-6.240110102,-1.115678747,Yukon_E
187,2,2,4,1,7,2,4,2,1,2,-6.260080193,4.918154752,Yukon_L
188,1,2,3,1,1,2,5,4,4,4,6.682682581,-2.541967427,Bolero_E
188,1,2,3,1,1,2,6,5,2,4,6.44115938,3.538032306,Bolero_L
188,1,2,3,1,1,2,3,1,5,1,-1.948242663,-4.2903897,Major_E
188,1,2,3,1,1,2,4,4,1,3,0.481107608,-1.331679381,Major_L
188,1,2,3,1,1,2,4,2,1,2,2.180890883,-4.670070418,Navar_E
188,1,2,3,1,1,2,4,3,3,4,2.078225118,3.414982277,Navar_L
188,1,2,3,1,1,2,NA,3,1,2,-4.078251216,-1.249329138,Nelson_E
188,1,2,3,1,1,2,6,6,1,5,0.789331742,6.42021138,Nelson_L
188,1,2,3,1,1,2,5,5,2,4,-0.592235283,-4.415712623,Turbo_E
188,1,2,3,1,1,2,2,1,4,1,0.465522145,1.32344672,Turbo_L
188,1,2,3,1,1,2,4,6,1,2,-6.240110102,-1.115678747,Yukon_E
188,1,2,3,1,1,2,5,6,2,3,-6.260080193,4.918154752,Yukon_L
189,1,1,4,1,7,2,7,5,1,4,6.682682581,-2.541967427,Bolero_E
189,1,1,4,1,7,2,6,6,1,4,6.44115938,3.538032306,Bolero_L
189,1,1,4,1,7,2,4,4,2,2,-1.948242663,-4.2903897,Major_E
189,1,1,4,1,7,2,4,2,2,2,0.481107608,-1.331679381,Major_L
189,1,1,4,1,7,2,4,3,1,4,2.180890883,-4.670070418,Navar_E
189,1,1,4,1,7,2,5,4,1,2,2.078225118,3.414982277,Navar_L
189,1,1,4,1,7,2,5,2,1,3,-4.078251216,-1.249329138,Nelson_E
189,1,1,4,1,7,2,7,4,1,5,0.789331742,6.42021138,Nelson_L
189,1,1,4,1,7,2,7,3,1,2,-0.592235283,-4.415712623,Turbo_E
189,1,1,4,1,7,2,7,4,1,4,0.465522145,1.32344672,Turbo_L
189,1,1,4,1,7,2,6,4,1,4,-6.240110102,-1.115678747,Yukon_E
189,1,1,4,1,7,2,6,5,1,3,-6.260080193,4.918154752,Yukon_L
191,2,1,4,1,5,1,5,2,3,2,6.682682581,-2.541967427,Bolero_E
191,2,1,4,1,5,1,5,3,2,3,6.44115938,3.538032306,Bolero_L
191,2,1,4,1,5,1,4,2,3,2,-1.948242663,-4.2903897,Major_E
191,2,1,4,1,5,1,4,2,3,3,0.481107608,-1.331679381,Major_L
191,2,1,4,1,5,1,4,2,3,3,2.180890883,-4.670070418,Navar_E
191,2,1,4,1,5,1,5,3,2,3,2.078225118,3.414982277,Navar_L
191,2,1,4,1,5,1,4,2,3,2,-4.078251216,-1.249329138,Nelson_E
191,2,1,4,1,5,1,5,3,2,3,0.789331742,6.42021138,Nelson_L
191,2,1,4,1,5,1,4,3,3,3,-0.592235283,-4.415712623,Turbo_E
191,2,1,4,1,5,1,5,3,2,3,0.465522145,1.32344672,Turbo_L
191,2,1,4,1,5,1,4,2,3,2,-6.240110102,-1.115678747,Yukon_E
191,2,1,4,1,5,1,5,3,3,3,-6.260080193,4.918154752,Yukon_L
192,2,2,4,1,1,NA,5,3,3,2,6.682682581,-2.541967427,Bolero_E
192,2,2,4,1,1,NA,5,4,3,2,6.44115938,3.538032306,Bolero_L
192,2,2,4,1,1,NA,3,1,3,1,-1.948242663,-4.2903897,Major_E
192,2,2,4,1,1,NA,4,1,4,1,0.481107608,-1.331679381,Major_L
192,2,2,4,1,1,NA,4,2,3,1,2.180890883,-4.670070418,Navar_E
192,2,2,4,1,1,NA,5,2,4,2,2.078225118,3.414982277,Navar_L
192,2,2,4,1,1,NA,4,2,3,2,-4.078251216,-1.249329138,Nelson_E
192,2,2,4,1,1,NA,5,5,3,4,0.789331742,6.42021138,Nelson_L
192,2,2,4,1,1,NA,4,2,3,4,-0.592235283,-4.415712623,Turbo_E
192,2,2,4,1,1,NA,5,3,3,2,0.465522145,1.32344672,Turbo_L
192,2,2,4,1,1,NA,5,2,3,2,-6.240110102,-1.115678747,Yukon_E
192,2,2,4,1,1,NA,5,3,2,2,-6.260080193,4.918154752,Yukon_L
193,1,2,3,3,4,4,3,3,6,4,6.682682581,-2.541967427,Bolero_E
193,1,2,3,3,4,4,5,4,3,5,6.44115938,3.538032306,Bolero_L
193,1,2,3,3,4,4,4,2,3,3,-1.948242663,-4.2903897,Major_E
193,1,2,3,3,4,4,4,2,2,3,0.481107608,-1.331679381,Major_L
193,1,2,3,3,4,4,4,5,5,5,2.180890883,-4.670070418,Navar_E
193,1,2,3,3,4,4,5,5,3,5,2.078225118,3.414982277,Navar_L
193,1,2,3,3,4,4,5,4,3,3,-4.078251216,-1.249329138,Nelson_E
193,1,2,3,3,4,4,6,4,3,5,0.789331742,6.42021138,Nelson_L
193,1,2,3,3,4,4,4,4,5,3,-0.592235283,-4.415712623,Turbo_E
193,1,2,3,3,4,4,4,4,3,2,0.465522145,1.32344672,Turbo_L
193,1,2,3,3,4,4,2,2,2,2,-6.240110102,-1.115678747,Yukon_E
193,1,2,3,3,4,4,5,4,3,5,-6.260080193,4.918154752,Yukon_L
194,4,2,1,1,6,1,4,3,2,3,6.682682581,-2.541967427,Bolero_E
194,4,2,1,1,6,1,4,5,3,3,6.44115938,3.538032306,Bolero_L
194,4,2,1,1,6,1,4,4,1,2,-1.948242663,-4.2903897,Major_E
194,4,2,1,1,6,1,4,5,1,4,0.481107608,-1.331679381,Major_L
194,4,2,1,1,6,1,4,5,2,4,2.180890883,-4.670070418,Navar_E
194,4,2,1,1,6,1,5,4,3,5,2.078225118,3.414982277,Navar_L
194,4,2,1,1,6,1,4,5,1,4,-4.078251216,-1.249329138,Nelson_E
194,4,2,1,1,6,1,4,3,4,4,0.789331742,6.42021138,Nelson_L
194,4,2,1,1,6,1,4,4,3,3,-0.592235283,-4.415712623,Turbo_E
194,4,2,1,1,6,1,4,3,2,2,0.465522145,1.32344672,Turbo_L
194,4,2,1,1,6,1,4,3,2,4,-6.240110102,-1.115678747,Yukon_E
194,4,2,1,1,6,1,6,6,1,5,-6.260080193,4.918154752,Yukon_L
195,1,1,1,3,1,2,6,5,2,6,6.682682581,-2.541967427,Bolero_E
195,1,1,1,3,1,2,6,6,2,4,6.44115938,3.538032306,Bolero_L
195,1,1,1,3,1,2,5,5,3,5,-1.948242663,-4.2903897,Major_E
195,1,1,1,3,1,2,4,2,6,4,0.481107608,-1.331679381,Major_L
195,1,1,1,3,1,2,6,5,3,5,2.180890883,-4.670070418,Navar_E
195,1,1,1,3,1,2,4,5,2,5,2.078225118,3.414982277,Navar_L
195,1,1,1,3,1,2,5,4,2,6,-4.078251216,-1.249329138,Nelson_E
195,1,1,1,3,1,2,3,2,5,4,0.789331742,6.42021138,Nelson_L
195,1,1,1,3,1,2,3,4,2,5,-0.592235283,-4.415712623,Turbo_E
195,1,1,1,3,1,2,5,4,3,5,0.465522145,1.32344672,Turbo_L
195,1,1,1,3,1,2,4,4,3,4,-6.240110102,-1.115678747,Yukon_E
195,1,1,1,3,1,2,3,5,2,5,-6.260080193,4.918154752,Yukon_L
196,1,2,3,1,3,3,3,2,2,2,6.682682581,-2.541967427,Bolero_E
196,1,2,3,1,3,3,6,3,1,5,6.44115938,3.538032306,Bolero_L
196,1,2,3,1,3,3,4,2,2,2,-1.948242663,-4.2903897,Major_E
196,1,2,3,1,3,3,4,2,1,3,0.481107608,-1.331679381,Major_L
196,1,2,3,1,3,3,4,2,1,2,2.180890883,-4.670070418,Navar_E
196,1,2,3,1,3,3,4,3,2,3,2.078225118,3.414982277,Navar_L
196,1,2,3,1,3,3,4,1,1,3,-4.078251216,-1.249329138,Nelson_E
196,1,2,3,1,3,3,5,3,2,5,0.789331742,6.42021138,Nelson_L
196,1,2,3,1,3,3,4,2,1,3,-0.592235283,-4.415712623,Turbo_E
196,1,2,3,1,3,3,3,2,2,1,0.465522145,1.32344672,Turbo_L
196,1,2,3,1,3,3,5,2,1,3,-6.240110102,-1.115678747,Yukon_E
196,1,2,3,1,3,3,5,3,1,3,-6.260080193,4.918154752,Yukon_L
197,1,2,3,1,4,NA,3,2,3,2,6.682682581,-2.541967427,Bolero_E
197,1,2,3,1,4,NA,5,3,2,2,6.44115938,3.538032306,Bolero_L
197,1,2,3,1,4,NA,4,2,2,1,-1.948242663,-4.2903897,Major_E
197,1,2,3,1,4,NA,5,3,3,2,0.481107608,-1.331679381,Major_L
197,1,2,3,1,4,NA,5,3,2,2,2.180890883,-4.670070418,Navar_E
197,1,2,3,1,4,NA,5,3,2,2,2.078225118,3.414982277,Navar_L
197,1,2,3,1,4,NA,6,4,2,3,-4.078251216,-1.249329138,Nelson_E
197,1,2,3,1,4,NA,7,4,2,2,0.789331742,6.42021138,Nelson_L
197,1,2,3,1,4,NA,6,3,1,2,-0.592235283,-4.415712623,Turbo_E
197,1,2,3,1,4,NA,6,2,2,2,0.465522145,1.32344672,Turbo_L
197,1,2,3,1,4,NA,4,2,2,2,-6.240110102,-1.115678747,Yukon_E
197,1,2,3,1,4,NA,4,2,4,2,-6.260080193,4.918154752,Yukon_L
198,2,2,3,3,4,2,5,4,2,3,6.682682581,-2.541967427,Bolero_E
198,2,2,3,3,4,2,5,4,2,3,6.44115938,3.538032306,Bolero_L
198,2,2,3,3,4,2,4,3,2,3,-1.948242663,-4.2903897,Major_E
198,2,2,3,3,4,2,3,1,4,2,0.481107608,-1.331679381,Major_L
198,2,2,3,3,4,2,6,5,2,4,2.180890883,-4.670070418,Navar_E
198,2,2,3,3,4,2,5,3,2,3,2.078225118,3.414982277,Navar_L
198,2,2,3,3,4,2,4,2,1,2,-4.078251216,-1.249329138,Nelson_E
198,2,2,3,3,4,2,6,5,1,5,0.789331742,6.42021138,Nelson_L
198,2,2,3,3,4,2,4,3,2,2,-0.592235283,-4.415712623,Turbo_E
198,2,2,3,3,4,2,5,4,2,3,0.465522145,1.32344672,Turbo_L
198,2,2,3,3,4,2,5,4,1,4,-6.240110102,-1.115678747,Yukon_E
198,2,2,3,3,4,2,4,2,2,2,-6.260080193,4.918154752,Yukon_L
199,1,2,4,3,7,NA,5,3,2,3,6.682682581,-2.541967427,Bolero_E
199,1,2,4,3,7,NA,6,5,2,3,6.44115938,3.538032306,Bolero_L
199,1,2,4,3,7,NA,4,2,1,3,-1.948242663,-4.2903897,Major_E
199,1,2,4,3,7,NA,5,2,1,2,0.481107608,-1.331679381,Major_L
199,1,2,4,3,7,NA,4,2,1,2,2.180890883,-4.670070418,Navar_E
199,1,2,4,3,7,NA,6,6,2,4,2.078225118,3.414982277,Navar_L
199,1,2,4,3,7,NA,6,3,1,3,-4.078251216,-1.249329138,Nelson_E
199,1,2,4,3,7,NA,4,1,1,1,0.789331742,6.42021138,Nelson_L
199,1,2,4,3,7,NA,4,1,1,1,-0.592235283,-4.415712623,Turbo_E
199,1,2,4,3,7,NA,6,4,2,2,0.465522145,1.32344672,Turbo_L
199,1,2,4,3,7,NA,5,4,3,3,-6.240110102,-1.115678747,Yukon_E
199,1,2,4,3,7,NA,5,4,2,2,-6.260080193,4.918154752,Yukon_L
200,1,2,3,3,2,NA,5,3,2,3,6.682682581,-2.541967427,Bolero_E
200,1,2,3,3,2,NA,6,5,3,4,6.44115938,3.538032306,Bolero_L
200,1,2,3,3,2,NA,4,4,3,4,-1.948242663,-4.2903897,Major_E
200,1,2,3,3,2,NA,6,5,1,6,0.481107608,-1.331679381,Major_L
200,1,2,3,3,2,NA,5,4,2,3,2.180890883,-4.670070418,Navar_E
200,1,2,3,3,2,NA,6,6,1,6,2.078225118,3.414982277,Navar_L
200,1,2,3,3,2,NA,7,5,1,5,-4.078251216,-1.249329138,Nelson_E
200,1,2,3,3,2,NA,7,6,2,6,0.789331742,6.42021138,Nelson_L
200,1,2,3,3,2,NA,6,6,2,5,-0.592235283,-4.415712623,Turbo_E
200,1,2,3,3,2,NA,5,4,5,3,0.465522145,1.32344672,Turbo_L
200,1,2,3,3,2,NA,6,5,2,5,-6.240110102,-1.115678747,Yukon_E
200,1,2,3,3,2,NA,6,4,1,5,-6.260080193,4.918154752,Yukon_L
201,2,1,3,3,3,3,5,3,2,3,6.682682581,-2.541967427,Bolero_E
201,2,1,3,3,3,3,5,4,2,3,6.44115938,3.538032306,Bolero_L
201,2,1,3,3,3,3,4,2,3,3,-1.948242663,-4.2903897,Major_E
201,2,1,3,3,3,3,5,4,2,4,0.481107608,-1.331679381,Major_L
201,2,1,3,3,3,3,5,3,2,3,2.180890883,-4.670070418,Navar_E
201,2,1,3,3,3,3,5,5,2,4,2.078225118,3.414982277,Navar_L
201,2,1,3,3,3,3,4,2,2,3,-4.078251216,-1.249329138,Nelson_E
201,2,1,3,3,3,3,5,4,1,4,0.789331742,6.42021138,Nelson_L
201,2,1,3,3,3,3,4,2,3,4,-0.592235283,-4.415712623,Turbo_E
201,2,1,3,3,3,3,4,4,2,3,0.465522145,1.32344672,Turbo_L
201,2,1,3,3,3,3,5,3,2,3,-6.240110102,-1.115678747,Yukon_E
201,2,1,3,3,3,3,5,4,2,5,-6.260080193,4.918154752,Yukon_L
202,1,1,1,3,6,3,5,5,2,4,6.682682581,-2.541967427,Bolero_E
202,1,1,1,3,6,3,6,6,1,6,6.44115938,3.538032306,Bolero_L
202,1,1,1,3,6,3,4,4,2,3,-1.948242663,-4.2903897,Major_E
202,1,1,1,3,6,3,3,2,3,2,0.481107608,-1.331679381,Major_L
202,1,1,1,3,6,3,4,4,2,4,2.180890883,-4.670070418,Navar_E
202,1,1,1,3,6,3,5,5,1,5,2.078225118,3.414982277,Navar_L
202,1,1,1,3,6,3,5,3,2,3,-4.078251216,-1.249329138,Nelson_E
202,1,1,1,3,6,3,5,5,1,5,0.789331742,6.42021138,Nelson_L
202,1,1,1,3,6,3,4,3,2,2,-0.592235283,-4.415712623,Turbo_E
202,1,1,1,3,6,3,4,2,4,2,0.465522145,1.32344672,Turbo_L
202,1,1,1,3,6,3,4,3,3,3,-6.240110102,-1.115678747,Yukon_E
202,1,1,1,3,6,3,4,5,1,5,-6.260080193,4.918154752,Yukon_L
203,1,2,3,1,7,1,5,4,3,3,6.682682581,-2.541967427,Bolero_E
203,1,2,3,1,7,1,7,6,1,5,6.44115938,3.538032306,Bolero_L
203,1,2,3,1,7,1,4,2,2,1,-1.948242663,-4.2903897,Major_E
203,1,2,3,1,7,1,6,3,2,4,0.481107608,-1.331679381,Major_L
203,1,2,3,1,7,1,5,5,1,5,2.180890883,-4.670070418,Navar_E
203,1,2,3,1,7,1,5,3,1,3,2.078225118,3.414982277,Navar_L
203,1,2,3,1,7,1,4,2,1,3,-4.078251216,-1.249329138,Nelson_E
203,1,2,3,1,7,1,4,4,2,5,0.789331742,6.42021138,Nelson_L
203,1,2,3,1,7,1,5,2,1,3,-0.592235283,-4.415712623,Turbo_E
203,1,2,3,1,7,1,3,3,3,3,0.465522145,1.32344672,Turbo_L
203,1,2,3,1,7,1,4,3,1,2,-6.240110102,-1.115678747,Yukon_E
203,1,2,3,1,7,1,5,5,2,5,-6.260080193,4.918154752,Yukon_L
204,1,1,4,1,7,2,6,2,3,2,6.682682581,-2.541967427,Bolero_E
204,1,1,4,1,7,2,6,4,1,4,6.44115938,3.538032306,Bolero_L
204,1,1,4,1,7,2,4,2,1,2,-1.948242663,-4.2903897,Major_E
204,1,1,4,1,7,2,6,4,2,3,0.481107608,-1.331679381,Major_L
204,1,1,4,1,7,2,4,3,1,3,2.180890883,-4.670070418,Navar_E
204,1,1,4,1,7,2,6,4,2,4,2.078225118,3.414982277,Navar_L
204,1,1,4,1,7,2,6,3,1,5,-4.078251216,-1.249329138,Nelson_E
204,1,1,4,1,7,2,5,4,2,4,0.789331742,6.42021138,Nelson_L
204,1,1,4,1,7,2,3,1,2,2,-0.592235283,-4.415712623,Turbo_E
204,1,1,4,1,7,2,4,2,2,2,0.465522145,1.32344672,Turbo_L
204,1,1,4,1,7,2,4,4,2,4,-6.240110102,-1.115678747,Yukon_E
204,1,1,4,1,7,2,6,4,2,4,-6.260080193,4.918154752,Yukon_L
205,1,2,4,1,7,2,6,4,2,4,6.682682581,-2.541967427,Bolero_E
205,1,2,4,1,7,2,5,3,2,3,6.44115938,3.538032306,Bolero_L
205,1,2,4,1,7,2,4,2,1,2,-1.948242663,-4.2903897,Major_E
205,1,2,4,1,7,2,4,3,2,4,0.481107608,-1.331679381,Major_L
205,1,2,4,1,7,2,3,2,4,2,2.180890883,-4.670070418,Navar_E
205,1,2,4,1,7,2,5,5,2,5,2.078225118,3.414982277,Navar_L
205,1,2,4,1,7,2,5,5,1,5,-4.078251216,-1.249329138,Nelson_E
205,1,2,4,1,7,2,6,5,1,5,0.789331742,6.42021138,Nelson_L
205,1,2,4,1,7,2,3,2,5,2,-0.592235283,-4.415712623,Turbo_E
205,1,2,4,1,7,2,6,5,1,5,0.465522145,1.32344672,Turbo_L
205,1,2,4,1,7,2,5,3,2,3,-6.240110102,-1.115678747,Yukon_E
205,1,2,4,1,7,2,6,5,1,5,-6.260080193,4.918154752,Yukon_L
206,1,1,4,3,7,2,4,4,2,5,6.682682581,-2.541967427,Bolero_E
206,1,1,4,3,7,2,7,7,1,6,6.44115938,3.538032306,Bolero_L
206,1,1,4,3,7,2,3,3,4,4,-1.948242663,-4.2903897,Major_E
206,1,1,4,3,7,2,5,5,2,3,0.481107608,-1.331679381,Major_L
206,1,1,4,3,7,2,5,3,4,3,2.180890883,-4.670070418,Navar_E
206,1,1,4,3,7,2,5,4,3,3,2.078225118,3.414982277,Navar_L
206,1,1,4,3,7,2,5,5,2,5,-4.078251216,-1.249329138,Nelson_E
206,1,1,4,3,7,2,5,4,3,4,0.789331742,6.42021138,Nelson_L
206,1,1,4,3,7,2,4,2,3,2,-0.592235283,-4.415712623,Turbo_E
206,1,1,4,3,7,2,6,6,2,5,0.465522145,1.32344672,Turbo_L
206,1,1,4,3,7,2,4,3,4,2,-6.240110102,-1.115678747,Yukon_E
206,1,1,4,3,7,2,7,6,1,6,-6.260080193,4.918154752,Yukon_L
207,1,2,4,3,7,2,4,3,3,2,6.682682581,-2.541967427,Bolero_E
207,1,2,4,3,7,2,5,4,4,4,6.44115938,3.538032306,Bolero_L
207,1,2,4,3,7,2,4,4,4,3,-1.948242663,-4.2903897,Major_E
207,1,2,4,3,7,2,6,5,2,4,0.481107608,-1.331679381,Major_L
207,1,2,4,3,7,2,5,6,4,4,2.180890883,-4.670070418,Navar_E
207,1,2,4,3,7,2,3,2,5,1,2.078225118,3.414982277,Navar_L
207,1,2,4,3,7,2,6,4,3,5,-4.078251216,-1.249329138,Nelson_E
207,1,2,4,3,7,2,7,5,2,6,0.789331742,6.42021138,Nelson_L
207,1,2,4,3,7,2,3,2,4,1,-0.592235283,-4.415712623,Turbo_E
207,1,2,4,3,7,2,6,5,2,2,0.465522145,1.32344672,Turbo_L
207,1,2,4,3,7,2,5,3,3,3,-6.240110102,-1.115678747,Yukon_E
207,1,2,4,3,7,2,5,4,3,2,-6.260080193,4.918154752,Yukon_L
208,3,2,3,1,1,3,6,2,3,4,6.682682581,-2.541967427,Bolero_E
208,3,2,3,1,1,3,5,1,2,4,6.44115938,3.538032306,Bolero_L
208,3,2,3,1,1,3,4,1,1,2,-1.948242663,-4.2903897,Major_E
208,3,2,3,1,1,3,5,3,1,4,0.481107608,-1.331679381,Major_L
208,3,2,3,1,1,3,7,3,1,5,2.180890883,-4.670070418,Navar_E
208,3,2,3,1,1,3,4,3,5,4,2.078225118,3.414982277,Navar_L
208,3,2,3,1,1,3,4,3,1,3,-4.078251216,-1.249329138,Nelson_E
208,3,2,3,1,1,3,5,4,2,3,0.789331742,6.42021138,Nelson_L
208,3,2,3,1,1,3,4,1,1,2,-0.592235283,-4.415712623,Turbo_E
208,3,2,3,1,1,3,6,4,2,6,0.465522145,1.32344672,Turbo_L
208,3,2,3,1,1,3,4,2,1,2,-6.240110102,-1.115678747,Yukon_E
208,3,2,3,1,1,3,6,6,1,4,-6.260080193,4.918154752,Yukon_L
209,1,2,2,3,2,3,4,2,1,2,6.682682581,-2.541967427,Bolero_E
209,1,2,2,3,2,3,6,5,1,4,6.44115938,3.538032306,Bolero_L
209,1,2,2,3,2,3,5,3,2,2,-1.948242663,-4.2903897,Major_E
209,1,2,2,3,2,3,5,2,2,2,0.481107608,-1.331679381,Major_L
209,1,2,2,3,2,3,4,2,2,2,2.180890883,-4.670070418,Navar_E
209,1,2,2,3,2,3,6,4,2,3,2.078225118,3.414982277,Navar_L
209,1,2,2,3,2,3,4,1,1,2,-4.078251216,-1.249329138,Nelson_E
209,1,2,2,3,2,3,4,1,1,3,0.789331742,6.42021138,Nelson_L
209,1,2,2,3,2,3,4,3,3,2,-0.592235283,-4.415712623,Turbo_E
209,1,2,2,3,2,3,5,3,1,1,0.465522145,1.32344672,Turbo_L
209,1,2,2,3,2,3,3,1,3,1,-6.240110102,-1.115678747,Yukon_E
209,1,2,2,3,2,3,3,2,3,2,-6.260080193,4.918154752,Yukon_L
210,3,2,3,1,3,2,3,3,6,2,6.682682581,-2.541967427,Bolero_E
210,3,2,3,1,3,2,6,5,1,3,6.44115938,3.538032306,Bolero_L
210,3,2,3,1,3,2,4,2,3,1,-1.948242663,-4.2903897,Major_E
210,3,2,3,1,3,2,3,2,4,1,0.481107608,-1.331679381,Major_L
210,3,2,3,1,3,2,4,3,3,2,2.180890883,-4.670070418,Navar_E
210,3,2,3,1,3,2,5,4,3,2,2.078225118,3.414982277,Navar_L
210,3,2,3,1,3,2,3,3,3,1,-4.078251216,-1.249329138,Nelson_E
210,3,2,3,1,3,2,2,2,3,1,0.789331742,6.42021138,Nelson_L
210,3,2,3,1,3,2,5,5,1,2,-0.592235283,-4.415712623,Turbo_E
210,3,2,3,1,3,2,6,5,2,3,0.465522145,1.32344672,Turbo_L
210,3,2,3,1,3,2,4,2,3,1,-6.240110102,-1.115678747,Yukon_E
210,3,2,3,1,3,2,4,5,5,1,-6.260080193,4.918154752,Yukon_L
211,1,2,3,1,3,2,4,3,1,3,6.682682581,-2.541967427,Bolero_E
211,1,2,3,1,3,2,7,6,1,5,6.44115938,3.538032306,Bolero_L
211,1,2,3,1,3,2,5,5,3,3,-1.948242663,-4.2903897,Major_E
211,1,2,3,1,3,2,3,2,4,3,0.481107608,-1.331679381,Major_L
211,1,2,3,1,3,2,6,5,2,5,2.180890883,-4.670070418,Navar_E
211,1,2,3,1,3,2,7,6,1,6,2.078225118,3.414982277,Navar_L
211,1,2,3,1,3,2,7,6,1,5,-4.078251216,-1.249329138,Nelson_E
211,1,2,3,1,3,2,7,6,1,6,0.789331742,6.42021138,Nelson_L
211,1,2,3,1,3,2,5,4,2,2,-0.592235283,-4.415712623,Turbo_E
211,1,2,3,1,3,2,5,6,4,3,0.465522145,1.32344672,Turbo_L
211,1,2,3,1,3,2,4,2,3,2,-6.240110102,-1.115678747,Yukon_E
211,1,2,3,1,3,2,7,7,1,5,-6.260080193,4.918154752,Yukon_L
212,1,1,3,3,3,3,4,4,2,4,6.682682581,-2.541967427,Bolero_E
212,1,1,3,3,3,3,5,3,1,3,6.44115938,3.538032306,Bolero_L
212,1,1,3,3,3,3,3,2,2,2,-1.948242663,-4.2903897,Major_E
212,1,1,3,3,3,3,3,2,3,2,0.481107608,-1.331679381,Major_L
212,1,1,3,3,3,3,4,2,3,2,2.180890883,-4.670070418,Navar_E
212,1,1,3,3,3,3,5,2,3,3,2.078225118,3.414982277,Navar_L
212,1,1,3,3,3,3,5,2,3,3,-4.078251216,-1.249329138,Nelson_E
212,1,1,3,3,3,3,5,3,2,4,0.789331742,6.42021138,Nelson_L
212,1,1,3,3,3,3,5,3,3,3,-0.592235283,-4.415712623,Turbo_E
212,1,1,3,3,3,3,3,2,4,2,0.465522145,1.32344672,Turbo_L
212,1,1,3,3,3,3,4,2,2,2,-6.240110102,-1.115678747,Yukon_E
212,1,1,3,3,3,3,6,4,2,4,-6.260080193,4.918154752,Yukon_L
213,1,2,3,3,3,3,4,2,1,2,6.682682581,-2.541967427,Bolero_E
213,1,2,3,3,3,3,4,3,1,2,6.44115938,3.538032306,Bolero_L
213,1,2,3,3,3,3,4,2,2,2,-1.948242663,-4.2903897,Major_E
213,1,2,3,3,3,3,3,1,3,2,0.481107608,-1.331679381,Major_L
213,1,2,3,3,3,3,4,2,1,2,2.180890883,-4.670070418,Navar_E
213,1,2,3,3,3,3,5,3,1,3,2.078225118,3.414982277,Navar_L
213,1,2,3,3,3,3,4,2,1,2,-4.078251216,-1.249329138,Nelson_E
213,1,2,3,3,3,3,4,2,1,2,0.789331742,6.42021138,Nelson_L
213,1,2,3,3,3,3,4,2,1,2,-0.592235283,-4.415712623,Turbo_E
213,1,2,3,3,3,3,4,2,3,2,0.465522145,1.32344672,Turbo_L
213,1,2,3,3,3,3,4,2,1,2,-6.240110102,-1.115678747,Yukon_E
213,1,2,3,3,3,3,3,1,3,1,-6.260080193,4.918154752,Yukon_L
214,1,2,2,3,2,3,4,2,2,4,6.682682581,-2.541967427,Bolero_E
214,1,2,2,3,2,3,4,5,1,4,6.44115938,3.538032306,Bolero_L
214,1,2,2,3,2,3,4,4,3,5,-1.948242663,-4.2903897,Major_E
214,1,2,2,3,2,3,5,5,1,5,0.481107608,-1.331679381,Major_L
214,1,2,2,3,2,3,5,5,2,6,2.180890883,-4.670070418,Navar_E
214,1,2,2,3,2,3,6,6,1,6,2.078225118,3.414982277,Navar_L
214,1,2,2,3,2,3,6,5,1,4,-4.078251216,-1.249329138,Nelson_E
214,1,2,2,3,2,3,3,4,4,5,0.789331742,6.42021138,Nelson_L
214,1,2,2,3,2,3,4,3,2,5,-0.592235283,-4.415712623,Turbo_E
214,1,2,2,3,2,3,5,4,1,3,0.465522145,1.32344672,Turbo_L
214,1,2,2,3,2,3,4,4,2,5,-6.240110102,-1.115678747,Yukon_E
214,1,2,2,3,2,3,5,5,1,4,-6.260080193,4.918154752,Yukon_L
215,1,2,2,3,2,3,4,2,2,4,6.682682581,-2.541967427,Bolero_E
215,1,2,2,3,2,3,5,5,1,4,6.44115938,3.538032306,Bolero_L
215,1,2,2,3,2,3,4,2,3,1,-1.948242663,-4.2903897,Major_E
215,1,2,2,3,2,3,5,3,3,4,0.481107608,-1.331679381,Major_L
215,1,2,2,3,2,3,3,3,3,4,2.180890883,-4.670070418,Navar_E
215,1,2,2,3,2,3,4,2,4,3,2.078225118,3.414982277,Navar_L
215,1,2,2,3,2,3,3,3,3,4,-4.078251216,-1.249329138,Nelson_E
215,1,2,2,3,2,3,5,3,4,3,0.789331742,6.42021138,Nelson_L
215,1,2,2,3,2,3,4,3,3,5,-0.592235283,-4.415712623,Turbo_E
215,1,2,2,3,2,3,4,3,2,3,0.465522145,1.32344672,Turbo_L
215,1,2,2,3,2,3,3,3,3,5,-6.240110102,-1.115678747,Yukon_E
215,1,2,2,3,2,3,3,2,5,2,-6.260080193,4.918154752,Yukon_L
216,1,2,2,3,3,3,3,4,5,4,6.682682581,-2.541967427,Bolero_E
216,1,2,2,3,3,3,7,5,1,6,6.44115938,3.538032306,Bolero_L
216,1,2,2,3,3,3,5,2,2,4,-1.948242663,-4.2903897,Major_E
216,1,2,2,3,3,3,3,2,5,3,0.481107608,-1.331679381,Major_L
216,1,2,2,3,3,3,5,4,4,3,2.180890883,-4.670070418,Navar_E
216,1,2,2,3,3,3,5,6,1,6,2.078225118,3.414982277,Navar_L
216,1,2,2,3,3,3,3,3,3,3,-4.078251216,-1.249329138,Nelson_E
216,1,2,2,3,3,3,5,4,2,5,0.789331742,6.42021138,Nelson_L
216,1,2,2,3,3,3,6,6,1,6,-0.592235283,-4.415712623,Turbo_E
216,1,2,2,3,3,3,5,6,1,5,0.465522145,1.32344672,Turbo_L
216,1,2,2,3,3,3,4,4,5,4,-6.240110102,-1.115678747,Yukon_E
216,1,2,2,3,3,3,5,4,2,2,-6.260080193,4.918154752,Yukon_L
217,1,2,2,3,3,3,3,2,5,2,6.682682581,-2.541967427,Bolero_E
217,1,2,2,3,3,3,6,5,5,4,6.44115938,3.538032306,Bolero_L
217,1,2,2,3,3,3,3,3,5,2,-1.948242663,-4.2903897,Major_E
217,1,2,2,3,3,3,5,3,4,2,0.481107608,-1.331679381,Major_L
217,1,2,2,3,3,3,3,2,1,3,2.180890883,-4.670070418,Navar_E
217,1,2,2,3,3,3,5,5,2,5,2.078225118,3.414982277,Navar_L
217,1,2,2,3,3,3,5,5,1,5,-4.078251216,-1.249329138,Nelson_E
217,1,2,2,3,3,3,5,4,1,3,0.789331742,6.42021138,Nelson_L
217,1,2,2,3,3,3,3,3,4,2,-0.592235283,-4.415712623,Turbo_E
217,1,2,2,3,3,3,4,3,3,3,0.465522145,1.32344672,Turbo_L
217,1,2,2,3,3,3,4,2,5,2,-6.240110102,-1.115678747,Yukon_E
217,1,2,2,3,3,3,5,5,4,4,-6.260080193,4.918154752,Yukon_L
218,2,1,2,1,3,2,4,2,5,4,6.682682581,-2.541967427,Bolero_E
218,2,1,2,1,3,2,5,4,4,4,6.44115938,3.538032306,Bolero_L
218,2,1,2,1,3,2,4,2,3,4,-1.948242663,-4.2903897,Major_E
218,2,1,2,1,3,2,4,3,3,3,0.481107608,-1.331679381,Major_L
218,2,1,2,1,3,2,4,2,2,2,2.180890883,-4.670070418,Navar_E
218,2,1,2,1,3,2,6,4,3,6,2.078225118,3.414982277,Navar_L
218,2,1,2,1,3,2,6,4,2,5,-4.078251216,-1.249329138,Nelson_E
218,2,1,2,1,3,2,4,3,2,4,0.789331742,6.42021138,Nelson_L
218,2,1,2,1,3,2,5,2,2,4,-0.592235283,-4.415712623,Turbo_E
218,2,1,2,1,3,2,5,2,2,4,0.465522145,1.32344672,Turbo_L
218,2,1,2,1,3,2,4,1,2,4,-6.240110102,-1.115678747,Yukon_E
218,2,1,2,1,3,2,3,2,4,4,-6.260080193,4.918154752,Yukon_L
222,1,2,3,1,3,2,5,5,2,3,6.682682581,-2.541967427,Bolero_E
222,1,2,3,1,3,2,6,5,1,3,6.44115938,3.538032306,Bolero_L
222,1,2,3,1,3,2,3,1,3,2,-1.948242663,-4.2903897,Major_E
222,1,2,3,1,3,2,5,2,2,4,0.481107608,-1.331679381,Major_L
222,1,2,3,1,3,2,6,2,3,3,2.180890883,-4.670070418,Navar_E
222,1,2,3,1,3,2,6,2,2,3,2.078225118,3.414982277,Navar_L
222,1,2,3,1,3,2,5,3,1,2,-4.078251216,-1.249329138,Nelson_E
222,1,2,3,1,3,2,4,3,2,4,0.789331742,6.42021138,Nelson_L
222,1,2,3,1,3,2,4,1,1,2,-0.592235283,-4.415712623,Turbo_E
222,1,2,3,1,3,2,4,2,2,3,0.465522145,1.32344672,Turbo_L
222,1,2,3,1,3,2,5,3,1,3,-6.240110102,-1.115678747,Yukon_E
222,1,2,3,1,3,2,6,5,1,2,-6.260080193,4.918154752,Yukon_L
223,2,1,3,1,7,3,5,3,2,3,6.682682581,-2.541967427,Bolero_E
223,2,1,3,1,7,3,5,5,2,4,6.44115938,3.538032306,Bolero_L
223,2,1,3,1,7,3,6,4,4,5,-1.948242663,-4.2903897,Major_E
223,2,1,3,1,7,3,5,3,4,4,0.481107608,-1.331679381,Major_L
223,2,1,3,1,7,3,5,4,2,2,2.180890883,-4.670070418,Navar_E
223,2,1,3,1,7,3,4,3,3,3,2.078225118,3.414982277,Navar_L
223,2,1,3,1,7,3,4,4,5,5,-4.078251216,-1.249329138,Nelson_E
223,2,1,3,1,7,3,6,5,2,5,0.789331742,6.42021138,Nelson_L
223,2,1,3,1,7,3,5,5,2,4,-0.592235283,-4.415712623,Turbo_E
223,2,1,3,1,7,3,5,3,3,4,0.465522145,1.32344672,Turbo_L
223,2,1,3,1,7,3,4,4,2,3,-6.240110102,-1.115678747,Yukon_E
223,2,1,3,1,7,3,5,3,2,3,-6.260080193,4.918154752,Yukon_L
224,3,2,1,3,2,3,6,4,1,5,6.682682581,-2.541967427,Bolero_E
224,3,2,1,3,2,3,5,4,1,4,6.44115938,3.538032306,Bolero_L
224,3,2,1,3,2,3,3,2,3,1,-1.948242663,-4.2903897,Major_E
224,3,2,1,3,2,3,5,2,4,3,0.481107608,-1.331679381,Major_L
224,3,2,1,3,2,3,5,2,2,2,2.180890883,-4.670070418,Navar_E
224,3,2,1,3,2,3,6,5,1,6,2.078225118,3.414982277,Navar_L
224,3,2,1,3,2,3,7,4,2,5,-4.078251216,-1.249329138,Nelson_E
224,3,2,1,3,2,3,4,2,1,2,0.789331742,6.42021138,Nelson_L
224,3,2,1,3,2,3,3,1,1,1,-0.592235283,-4.415712623,Turbo_E
224,3,2,1,3,2,3,4,3,3,2,0.465522145,1.32344672,Turbo_L
224,3,2,1,3,2,3,4,3,2,2,-6.240110102,-1.115678747,Yukon_E
224,3,2,1,3,2,3,5,4,2,4,-6.260080193,4.918154752,Yukon_L
226,1,2,3,1,1,3,5,2,4,4,6.682682581,-2.541967427,Bolero_E
226,1,2,3,1,1,3,4,2,5,2,6.44115938,3.538032306,Bolero_L
226,1,2,3,1,1,3,5,2,5,2,-1.948242663,-4.2903897,Major_E
226,1,2,3,1,1,3,4,2,6,3,0.481107608,-1.331679381,Major_L
226,1,2,3,1,1,3,3,2,6,2,2.180890883,-4.670070418,Navar_E
226,1,2,3,1,1,3,5,2,2,4,2.078225118,3.414982277,Navar_L
226,1,2,3,1,1,3,NA,3,2,2,-4.078251216,-1.249329138,Nelson_E
226,1,2,3,1,1,3,3,2,5,3,0.789331742,6.42021138,Nelson_L
226,1,2,3,1,1,3,3,2,5,2,-0.592235283,-4.415712623,Turbo_E
226,1,2,3,1,1,3,2,2,5,2,0.465522145,1.32344672,Turbo_L
226,1,2,3,1,1,3,5,3,2,3,-6.240110102,-1.115678747,Yukon_E
226,1,2,3,1,1,3,6,4,2,4,-6.260080193,4.918154752,Yukon_L
227,2,1,3,1,3,3,3,2,3,2,6.682682581,-2.541967427,Bolero_E
227,2,1,3,1,3,3,6,4,3,5,6.44115938,3.538032306,Bolero_L
227,2,1,3,1,3,3,5,4,2,2,-1.948242663,-4.2903897,Major_E
227,2,1,3,1,3,3,6,6,2,5,0.481107608,-1.331679381,Major_L
227,2,1,3,1,3,3,3,2,6,2,2.180890883,-4.670070418,Navar_E
227,2,1,3,1,3,3,6,5,3,6,2.078225118,3.414982277,Navar_L
227,2,1,3,1,3,3,6,6,2,5,-4.078251216,-1.249329138,Nelson_E
227,2,1,3,1,3,3,3,1,6,1,0.789331742,6.42021138,Nelson_L
227,2,1,3,1,3,3,6,3,3,5,-0.592235283,-4.415712623,Turbo_E
227,2,1,3,1,3,3,5,4,3,4,0.465522145,1.32344672,Turbo_L
227,2,1,3,1,3,3,6,6,2,6,-6.240110102,-1.115678747,Yukon_E
227,2,1,3,1,3,3,5,4,3,2,-6.260080193,4.918154752,Yukon_L
228,1,2,3,1,4,3,5,1,1,2,6.682682581,-2.541967427,Bolero_E
228,1,2,3,1,4,3,5,2,1,2,6.44115938,3.538032306,Bolero_L
228,1,2,3,1,4,3,5,2,1,2,-1.948242663,-4.2903897,Major_E
228,1,2,3,1,4,3,5,2,1,2,0.481107608,-1.331679381,Major_L
228,1,2,3,1,4,3,5,2,1,3,2.180890883,-4.670070418,Navar_E
228,1,2,3,1,4,3,5,2,1,1,2.078225118,3.414982277,Navar_L
228,1,2,3,1,4,3,5,1,1,2,-4.078251216,-1.249329138,Nelson_E
228,1,2,3,1,4,3,5,2,1,2,0.789331742,6.42021138,Nelson_L
228,1,2,3,1,4,3,4,1,1,1,-0.592235283,-4.415712623,Turbo_E
228,1,2,3,1,4,3,5,2,1,2,0.465522145,1.32344672,Turbo_L
228,1,2,3,1,4,3,4,2,1,2,-6.240110102,-1.115678747,Yukon_E
228,1,2,3,1,4,3,6,3,1,2,-6.260080193,4.918154752,Yukon_L
229,1,2,2,3,3,3,4,2,3,2,6.682682581,-2.541967427,Bolero_E
229,1,2,2,3,3,3,6,5,1,3,6.44115938,3.538032306,Bolero_L
229,1,2,2,3,3,3,6,3,1,3,-1.948242663,-4.2903897,Major_E
229,1,2,2,3,3,3,5,3,2,3,0.481107608,-1.331679381,Major_L
229,1,2,2,3,3,3,5,2,1,2,2.180890883,-4.670070418,Navar_E
229,1,2,2,3,3,3,6,5,2,3,2.078225118,3.414982277,Navar_L
229,1,2,2,3,3,3,7,2,1,2,-4.078251216,-1.249329138,Nelson_E
229,1,2,2,3,3,3,6,5,2,4,0.789331742,6.42021138,Nelson_L
229,1,2,2,3,3,3,4,2,4,2,-0.592235283,-4.415712623,Turbo_E
229,1,2,2,3,3,3,4,2,1,2,0.465522145,1.32344672,Turbo_L
229,1,2,2,3,3,3,3,2,4,2,-6.240110102,-1.115678747,Yukon_E
229,1,2,2,3,3,3,6,3,2,3,-6.260080193,4.918154752,Yukon_L
230,1,1,3,3,1,2,3,2,5,2,6.682682581,-2.541967427,Bolero_E
230,1,1,3,3,1,2,6,5,2,5,6.44115938,3.538032306,Bolero_L
230,1,1,3,3,1,2,4,2,4,3,-1.948242663,-4.2903897,Major_E
230,1,1,3,3,1,2,6,5,2,4,0.481107608,-1.331679381,Major_L
230,1,1,3,3,1,2,4,3,4,3,2.180890883,-4.670070418,Navar_E
230,1,1,3,3,1,2,7,5,2,6,2.078225118,3.414982277,Navar_L
230,1,1,3,3,1,2,6,4,4,3,-4.078251216,-1.249329138,Nelson_E
230,1,1,3,3,1,2,5,4,3,4,0.789331742,6.42021138,Nelson_L
230,1,1,3,3,1,2,3,2,5,2,-0.592235283,-4.415712623,Turbo_E
230,1,1,3,3,1,2,4,NA,4,2,0.465522145,1.32344672,Turbo_L
230,1,1,3,3,1,2,3,2,5,2,-6.240110102,-1.115678747,Yukon_E
230,1,1,3,3,1,2,6,5,3,4,-6.260080193,4.918154752,Yukon_L
231,1,2,3,3,1,2,5,3,1,4,6.682682581,-2.541967427,Bolero_E
231,1,2,3,3,1,2,5,4,1,3,6.44115938,3.538032306,Bolero_L
231,1,2,3,3,1,2,2,1,5,3,-1.948242663,-4.2903897,Major_E
231,1,2,3,3,1,2,5,3,2,3,0.481107608,-1.331679381,Major_L
231,1,2,3,3,1,2,4,2,5,4,2.180890883,-4.670070418,Navar_E
231,1,2,3,3,1,2,4,3,2,4,2.078225118,3.414982277,Navar_L
231,1,2,3,3,1,2,5,4,2,5,-4.078251216,-1.249329138,Nelson_E
231,1,2,3,3,1,2,4,3,2,3,0.789331742,6.42021138,Nelson_L
231,1,2,3,3,1,2,5,3,3,3,-0.592235283,-4.415712623,Turbo_E
231,1,2,3,3,1,2,5,4,1,4,0.465522145,1.32344672,Turbo_L
231,1,2,3,3,1,2,6,5,1,5,-6.240110102,-1.115678747,Yukon_E
231,1,2,3,3,1,2,4,4,2,4,-6.260080193,4.918154752,Yukon_L
232,1,1,3,1,7,2,2,2,4,NA,6.682682581,-2.541967427,Bolero_E
232,1,1,3,1,7,2,6,4,2,5,6.44115938,3.538032306,Bolero_L
232,1,1,3,1,7,2,6,6,2,3,-1.948242663,-4.2903897,Major_E
232,1,1,3,1,7,2,5,5,2,3,0.481107608,-1.331679381,Major_L
232,1,1,3,1,7,2,4,3,3,2,2.180890883,-4.670070418,Navar_E
232,1,1,3,1,7,2,5,3,3,3,2.078225118,3.414982277,Navar_L
232,1,1,3,1,7,2,4,3,3,3,-4.078251216,-1.249329138,Nelson_E
232,1,1,3,1,7,2,5,4,3,5,0.789331742,6.42021138,Nelson_L
232,1,1,3,1,7,2,4,2,2,2,-0.592235283,-4.415712623,Turbo_E
232,1,1,3,1,7,2,5,5,4,3,0.465522145,1.32344672,Turbo_L
232,1,1,3,1,7,2,5,4,2,5,-6.240110102,-1.115678747,Yukon_E
232,1,1,3,1,7,2,6,5,2,4,-6.260080193,4.918154752,Yukon_L
233,1,2,2,3,2,3,5,3,5,5,6.682682581,-2.541967427,Bolero_E
233,1,2,2,3,2,3,6,5,2,6,6.44115938,3.538032306,Bolero_L
233,1,2,2,3,2,3,6,5,2,5,-1.948242663,-4.2903897,Major_E
233,1,2,2,3,2,3,7,5,1,6,0.481107608,-1.331679381,Major_L
233,1,2,2,3,2,3,5,5,2,5,2.180890883,-4.670070418,Navar_E
233,1,2,2,3,2,3,6,5,1,5,2.078225118,3.414982277,Navar_L
233,1,2,2,3,2,3,4,2,2,4,-4.078251216,-1.249329138,Nelson_E
233,1,2,2,3,2,3,5,5,1,5,0.789331742,6.42021138,Nelson_L
233,1,2,2,3,2,3,4,3,1,2,-0.592235283,-4.415712623,Turbo_E
233,1,2,2,3,2,3,5,5,3,6,0.465522145,1.32344672,Turbo_L
233,1,2,2,3,2,3,5,3,3,3,-6.240110102,-1.115678747,Yukon_E
233,1,2,2,3,2,3,5,3,3,5,-6.260080193,4.918154752,Yukon_L
234,2,2,2,1,3,3,6,2,3,6,6.682682581,-2.541967427,Bolero_E
234,2,2,2,1,3,3,6,3,2,6,6.44115938,3.538032306,Bolero_L
234,2,2,2,1,3,3,6,2,2,5,-1.948242663,-4.2903897,Major_E
234,2,2,2,1,3,3,7,4,1,6,0.481107608,-1.331679381,Major_L
234,2,2,2,1,3,3,6,3,2,5,2.180890883,-4.670070418,Navar_E
234,2,2,2,1,3,3,7,3,2,6,2.078225118,3.414982277,Navar_L
234,2,2,2,1,3,3,6,2,1,6,-4.078251216,-1.249329138,Nelson_E
234,2,2,2,1,3,3,6,3,3,6,0.789331742,6.42021138,Nelson_L
234,2,2,2,1,3,3,6,3,2,5,-0.592235283,-4.415712623,Turbo_E
234,2,2,2,1,3,3,5,2,2,6,0.465522145,1.32344672,Turbo_L
234,2,2,2,1,3,3,6,2,2,6,-6.240110102,-1.115678747,Yukon_E
234,2,2,2,1,3,3,6,4,1,6,-6.260080193,4.918154752,Yukon_L
235,1,1,4,1,7,1,5,4,2,5,6.682682581,-2.541967427,Bolero_E
235,1,1,4,1,7,1,6,5,2,4,6.44115938,3.538032306,Bolero_L
235,1,1,4,1,7,1,4,4,2,3,-1.948242663,-4.2903897,Major_E
235,1,1,4,1,7,1,5,3,2,5,0.481107608,-1.331679381,Major_L
235,1,1,4,1,7,1,5,5,2,4,2.180890883,-4.670070418,Navar_E
235,1,1,4,1,7,1,4,2,4,2,2.078225118,3.414982277,Navar_L
235,1,1,4,1,7,1,5,3,3,3,-4.078251216,-1.249329138,Nelson_E
235,1,1,4,1,7,1,4,3,4,2,0.789331742,6.42021138,Nelson_L
235,1,1,4,1,7,1,5,3,3,5,-0.592235283,-4.415712623,Turbo_E
235,1,1,4,1,7,1,5,4,3,3,0.465522145,1.32344672,Turbo_L
235,1,1,4,1,7,1,3,2,4,3,-6.240110102,-1.115678747,Yukon_E
235,1,1,4,1,7,1,5,3,4,5,-6.260080193,4.918154752,Yukon_L
236,2,1,4,1,7,2,5,2,2,5,6.682682581,-2.541967427,Bolero_E
236,2,1,4,1,7,2,5,5,1,4,6.44115938,3.538032306,Bolero_L
236,2,1,4,1,7,2,5,4,2,3,-1.948242663,-4.2903897,Major_E
236,2,1,4,1,7,2,5,3,2,4,0.481107608,-1.331679381,Major_L
236,2,1,4,1,7,2,5,4,2,4,2.180890883,-4.670070418,Navar_E
236,2,1,4,1,7,2,5,5,1,5,2.078225118,3.414982277,Navar_L
236,2,1,4,1,7,2,3,2,3,4,-4.078251216,-1.249329138,Nelson_E
236,2,1,4,1,7,2,5,5,1,5,0.789331742,6.42021138,Nelson_L
236,2,1,4,1,7,2,4,4,1,3,-0.592235283,-4.415712623,Turbo_E
236,2,1,4,1,7,2,5,3,3,3,0.465522145,1.32344672,Turbo_L
236,2,1,4,1,7,2,4,3,1,3,-6.240110102,-1.115678747,Yukon_E
236,2,1,4,1,7,2,4,4,3,5,-6.260080193,4.918154752,Yukon_L
237,1,2,4,1,2,2,6,6,1,6,6.682682581,-2.541967427,Bolero_E
237,1,2,4,1,2,2,6,6,1,6,6.44115938,3.538032306,Bolero_L
237,1,2,4,1,2,2,5,4,1,3,-1.948242663,-4.2903897,Major_E
237,1,2,4,1,2,2,7,5,1,5,0.481107608,-1.331679381,Major_L
237,1,2,4,1,2,2,4,2,1,3,2.180890883,-4.670070418,Navar_E
237,1,2,4,1,2,2,5,3,1,3,2.078225118,3.414982277,Navar_L
237,1,2,4,1,2,2,5,3,1,3,-4.078251216,-1.249329138,Nelson_E
237,1,2,4,1,2,2,6,5,1,5,0.789331742,6.42021138,Nelson_L
237,1,2,4,1,2,2,6,5,1,5,-0.592235283,-4.415712623,Turbo_E
237,1,2,4,1,2,2,5,5,1,5,0.465522145,1.32344672,Turbo_L
237,1,2,4,1,2,2,5,3,1,4,-6.240110102,-1.115678747,Yukon_E
237,1,2,4,1,2,2,7,5,1,4,-6.260080193,4.918154752,Yukon_L
238,2,2,3,1,4,1,7,5,1,4,6.682682581,-2.541967427,Bolero_E
238,2,2,3,1,4,1,6,6,1,5,6.44115938,3.538032306,Bolero_L
238,2,2,3,1,4,1,3,1,3,1,-1.948242663,-4.2903897,Major_E
238,2,2,3,1,4,1,5,4,2,3,0.481107608,-1.331679381,Major_L
238,2,2,3,1,4,1,4,2,3,2,2.180890883,-4.670070418,Navar_E
238,2,2,3,1,4,1,7,7,1,5,2.078225118,3.414982277,Navar_L
238,2,2,3,1,4,1,5,3,2,2,-4.078251216,-1.249329138,Nelson_E
238,2,2,3,1,4,1,7,7,1,6,0.789331742,6.42021138,Nelson_L
238,2,2,3,1,4,1,4,2,2,1,-0.592235283,-4.415712623,Turbo_E
238,2,2,3,1,4,1,5,5,1,6,0.465522145,1.32344672,Turbo_L
238,2,2,3,1,4,1,6,7,1,6,-6.240110102,-1.115678747,Yukon_E
238,2,2,3,1,4,1,7,6,1,6,-6.260080193,4.918154752,Yukon_L
240,1,2,3,1,4,NA,7,3,2,4,6.682682581,-2.541967427,Bolero_E
240,1,2,3,1,4,NA,5,3,2,3,6.44115938,3.538032306,Bolero_L
240,1,2,3,1,4,NA,7,3,2,3,-1.948242663,-4.2903897,Major_E
240,1,2,3,1,4,NA,7,3,3,3,0.481107608,-1.331679381,Major_L
240,1,2,3,1,4,NA,7,4,2,4,2.180890883,-4.670070418,Navar_E
240,1,2,3,1,4,NA,7,4,2,4,2.078225118,3.414982277,Navar_L
240,1,2,3,1,4,NA,7,2,2,2,-4.078251216,-1.249329138,Nelson_E
240,1,2,3,1,4,NA,7,3,1,2,0.789331742,6.42021138,Nelson_L
240,1,2,3,1,4,NA,7,2,2,2,-0.592235283,-4.415712623,Turbo_E
240,1,2,3,1,4,NA,7,3,3,3,0.465522145,1.32344672,Turbo_L
240,1,2,3,1,4,NA,4,2,2,2,-6.240110102,-1.115678747,Yukon_E
240,1,2,3,1,4,NA,7,3,3,3,-6.260080193,4.918154752,Yukon_L
241,1,2,4,1,7,1,6,2,2,2,6.682682581,-2.541967427,Bolero_E
241,1,2,4,1,7,1,5,3,2,2,6.44115938,3.538032306,Bolero_L
241,1,2,4,1,7,1,6,2,2,2,-1.948242663,-4.2903897,Major_E
241,1,2,4,1,7,1,6,2,2,2,0.481107608,-1.331679381,Major_L
241,1,2,4,1,7,1,6,2,2,3,2.180890883,-4.670070418,Navar_E
241,1,2,4,1,7,1,7,2,2,3,2.078225118,3.414982277,Navar_L
241,1,2,4,1,7,1,6,2,2,3,-4.078251216,-1.249329138,Nelson_E
241,1,2,4,1,7,1,7,2,2,3,0.789331742,6.42021138,Nelson_L
241,1,2,4,1,7,1,4,5,3,2,-0.592235283,-4.415712623,Turbo_E
241,1,2,4,1,7,1,5,3,3,3,0.465522145,1.32344672,Turbo_L
241,1,2,4,1,7,1,7,2,2,2,-6.240110102,-1.115678747,Yukon_E
241,1,2,4,1,7,1,4,4,3,3,-6.260080193,4.918154752,Yukon_L
242,1,2,4,1,7,2,7,5,1,2,6.682682581,-2.541967427,Bolero_E
242,1,2,4,1,7,2,5,5,1,3,6.44115938,3.538032306,Bolero_L
242,1,2,4,1,7,2,5,5,2,2,-1.948242663,-4.2903897,Major_E
242,1,2,4,1,7,2,4,2,4,2,0.481107608,-1.331679381,Major_L
242,1,2,4,1,7,2,4,2,2,2,2.180890883,-4.670070418,Navar_E
242,1,2,4,1,7,2,6,6,1,4,2.078225118,3.414982277,Navar_L
242,1,2,4,1,7,2,6,3,1,3,-4.078251216,-1.249329138,Nelson_E
242,1,2,4,1,7,2,6,3,4,4,0.789331742,6.42021138,Nelson_L
242,1,2,4,1,7,2,3,1,6,1,-0.592235283,-4.415712623,Turbo_E
242,1,2,4,1,7,2,2,1,5,1,0.465522145,1.32344672,Turbo_L
242,1,2,4,1,7,2,3,1,4,2,-6.240110102,-1.115678747,Yukon_E
242,1,2,4,1,7,2,3,2,5,2,-6.260080193,4.918154752,Yukon_L
243,1,1,4,1,5,1,6,5,2,6,6.682682581,-2.541967427,Bolero_E
243,1,1,4,1,5,1,5,6,2,6,6.44115938,3.538032306,Bolero_L
243,1,1,4,1,5,1,3,1,5,1,-1.948242663,-4.2903897,Major_E
243,1,1,4,1,5,1,4,1,4,5,0.481107608,-1.331679381,Major_L
243,1,1,4,1,5,1,5,1,1,5,2.180890883,-4.670070418,Navar_E
243,1,1,4,1,5,1,7,5,2,5,2.078225118,3.414982277,Navar_L
243,1,1,4,1,5,1,5,5,1,6,-4.078251216,-1.249329138,Nelson_E
243,1,1,4,1,5,1,3,1,4,3,0.789331742,6.42021138,Nelson_L
243,1,1,4,1,5,1,5,2,1,4,-0.592235283,-4.415712623,Turbo_E
243,1,1,4,1,5,1,3,1,5,1,0.465522145,1.32344672,Turbo_L
243,1,1,4,1,5,1,4,1,2,2,-6.240110102,-1.115678747,Yukon_E
243,1,1,4,1,5,1,6,6,1,2,-6.260080193,4.918154752,Yukon_L
244,1,2,4,1,7,1,7,5,2,3,6.682682581,-2.541967427,Bolero_E
244,1,2,4,1,7,1,6,5,1,5,6.44115938,3.538032306,Bolero_L
244,1,2,4,1,7,1,3,2,3,4,-1.948242663,-4.2903897,Major_E
244,1,2,4,1,7,1,6,5,1,5,0.481107608,-1.331679381,Major_L
244,1,2,4,1,7,1,4,4,2,3,2.180890883,-4.670070418,Navar_E
244,1,2,4,1,7,1,6,6,1,5,2.078225118,3.414982277,Navar_L
244,1,2,4,1,7,1,6,5,1,5,-4.078251216,-1.249329138,Nelson_E
244,1,2,4,1,7,1,6,6,1,6,0.789331742,6.42021138,Nelson_L
244,1,2,4,1,7,1,5,4,2,4,-0.592235283,-4.415712623,Turbo_E
244,1,2,4,1,7,1,5,4,2,4,0.465522145,1.32344672,Turbo_L
244,1,2,4,1,7,1,5,5,1,5,-6.240110102,-1.115678747,Yukon_E
244,1,2,4,1,7,1,5,5,1,5,-6.260080193,4.918154752,Yukon_L
245,2,2,4,1,7,2,3,3,3,3,6.682682581,-2.541967427,Bolero_E
245,2,2,4,1,7,2,6,4,1,3,6.44115938,3.538032306,Bolero_L
245,2,2,4,1,7,2,5,3,2,3,-1.948242663,-4.2903897,Major_E
245,2,2,4,1,7,2,2,2,3,3,0.481107608,-1.331679381,Major_L
245,2,2,4,1,7,2,5,3,2,2,2.180890883,-4.670070418,Navar_E
245,2,2,4,1,7,2,7,5,1,5,2.078225118,3.414982277,Navar_L
245,2,2,4,1,7,2,7,3,1,4,-4.078251216,-1.249329138,Nelson_E
245,2,2,4,1,7,2,5,3,2,3,0.789331742,6.42021138,Nelson_L
245,2,2,4,1,7,2,4,3,2,2,-0.592235283,-4.415712623,Turbo_E
245,2,2,4,1,7,2,6,3,2,4,0.465522145,1.32344672,Turbo_L
245,2,2,4,1,7,2,5,3,1,3,-6.240110102,-1.115678747,Yukon_E
245,2,2,4,1,7,2,7,6,1,6,-6.260080193,4.918154752,Yukon_L
246,1,2,3,1,5,3,6,2,2,6,6.682682581,-2.541967427,Bolero_E
246,1,2,3,1,5,3,6,2,2,2,6.44115938,3.538032306,Bolero_L
246,1,2,3,1,5,3,4,1,3,1,-1.948242663,-4.2903897,Major_E
246,1,2,3,1,5,3,5,1,2,2,0.481107608,-1.331679381,Major_L
246,1,2,3,1,5,3,5,2,2,2,2.180890883,-4.670070418,Navar_E
246,1,2,3,1,5,3,6,2,1,2,2.078225118,3.414982277,Navar_L
246,1,2,3,1,5,3,5,2,1,3,-4.078251216,-1.249329138,Nelson_E
246,1,2,3,1,5,3,7,3,2,2,0.789331742,6.42021138,Nelson_L
246,1,2,3,1,5,3,4,1,1,2,-0.592235283,-4.415712623,Turbo_E
246,1,2,3,1,5,3,5,2,3,3,0.465522145,1.32344672,Turbo_L
246,1,2,3,1,5,3,5,1,1,2,-6.240110102,-1.115678747,Yukon_E
246,1,2,3,1,5,3,7,5,1,4,-6.260080193,4.918154752,Yukon_L
247,1,2,3,3,2,2,3,3,2,4,6.682682581,-2.541967427,Bolero_E
247,1,2,3,3,2,2,5,5,2,4,6.44115938,3.538032306,Bolero_L
247,1,2,3,3,2,2,5,3,1,5,-1.948242663,-4.2903897,Major_E
247,1,2,3,3,2,2,5,4,2,4,0.481107608,-1.331679381,Major_L
247,1,2,3,3,2,2,5,2,2,4,2.180890883,-4.670070418,Navar_E
247,1,2,3,3,2,2,5,5,1,4,2.078225118,3.414982277,Navar_L
247,1,2,3,3,2,2,5,4,2,4,-4.078251216,-1.249329138,Nelson_E
247,1,2,3,3,2,2,3,3,5,5,0.789331742,6.42021138,Nelson_L
247,1,2,3,3,2,2,4,3,2,4,-0.592235283,-4.415712623,Turbo_E
247,1,2,3,3,2,2,3,2,2,2,0.465522145,1.32344672,Turbo_L
247,1,2,3,3,2,2,5,3,1,4,-6.240110102,-1.115678747,Yukon_E
247,1,2,3,3,2,2,6,6,2,5,-6.260080193,4.918154752,Yukon_L
248,1,2,2,1,4,2,5,4,2,4,6.682682581,-2.541967427,Bolero_E
248,1,2,2,1,4,2,6,4,3,3,6.44115938,3.538032306,Bolero_L
248,1,2,2,1,4,2,7,3,2,4,-1.948242663,-4.2903897,Major_E
248,1,2,2,1,4,2,2,4,3,4,0.481107608,-1.331679381,Major_L
248,1,2,2,1,4,2,7,4,1,3,2.180890883,-4.670070418,Navar_E
248,1,2,2,1,4,2,5,5,4,3,2.078225118,3.414982277,Navar_L
248,1,2,2,1,4,2,4,3,4,2,-4.078251216,-1.249329138,Nelson_E
248,1,2,2,1,4,2,6,3,3,2,0.789331742,6.42021138,Nelson_L
248,1,2,2,1,4,2,3,2,5,2,-0.592235283,-4.415712623,Turbo_E
248,1,2,2,1,4,2,6,5,2,5,0.465522145,1.32344672,Turbo_L
248,1,2,2,1,4,2,6,2,3,3,-6.240110102,-1.115678747,Yukon_E
248,1,2,2,1,4,2,6,2,3,3,-6.260080193,4.918154752,Yukon_L
249,1,2,3,3,3,3,4,2,6,2,6.682682581,-2.541967427,Bolero_E
249,1,2,3,3,3,3,6,6,1,3,6.44115938,3.538032306,Bolero_L
249,1,2,3,3,3,3,3,2,3,1,-1.948242663,-4.2903897,Major_E
249,1,2,3,3,3,3,4,4,3,2,0.481107608,-1.331679381,Major_L
249,1,2,3,3,3,3,5,4,2,2,2.180890883,-4.670070418,Navar_E
249,1,2,3,3,3,3,4,2,5,2,2.078225118,3.414982277,Navar_L
249,1,2,3,3,3,3,4,3,2,2,-4.078251216,-1.249329138,Nelson_E
249,1,2,3,3,3,3,5,5,1,4,0.789331742,6.42021138,Nelson_L
249,1,2,3,3,3,3,3,2,5,1,-0.592235283,-4.415712623,Turbo_E
249,1,2,3,3,3,3,4,4,2,3,0.465522145,1.32344672,Turbo_L
249,1,2,3,3,3,3,4,3,3,2,-6.240110102,-1.115678747,Yukon_E
249,1,2,3,3,3,3,5,5,2,3,-6.260080193,4.918154752,Yukon_L
250,4,2,2,3,6,3,3,2,2,5,6.682682581,-2.541967427,Bolero_E
250,4,2,2,3,6,3,5,6,5,6,6.44115938,3.538032306,Bolero_L
250,4,2,2,3,6,3,4,3,2,2,-1.948242663,-4.2903897,Major_E
250,4,2,2,3,6,3,5,5,3,6,0.481107608,-1.331679381,Major_L
250,4,2,2,3,6,3,6,5,2,6,2.180890883,-4.670070418,Navar_E
250,4,2,2,3,6,3,3,4,5,6,2.078225118,3.414982277,Navar_L
250,4,2,2,3,6,3,4,1,3,5,-4.078251216,-1.249329138,Nelson_E
250,4,2,2,3,6,3,4,3,4,3,0.789331742,6.42021138,Nelson_L
250,4,2,2,3,6,3,4,3,2,4,-0.592235283,-4.415712623,Turbo_E
250,4,2,2,3,6,3,6,6,2,5,0.465522145,1.32344672,Turbo_L
250,4,2,2,3,6,3,3,2,2,3,-6.240110102,-1.115678747,Yukon_E
250,4,2,2,3,6,3,6,5,2,5,-6.260080193,4.918154752,Yukon_L
251,1,2,4,1,7,4,4,2,2,2,6.682682581,-2.541967427,Bolero_E
251,1,2,4,1,7,4,5,5,2,5,6.44115938,3.538032306,Bolero_L
251,1,2,4,1,7,4,4,2,2,2,-1.948242663,-4.2903897,Major_E
251,1,2,4,1,7,4,6,3,1,3,0.481107608,-1.331679381,Major_L
251,1,2,4,1,7,4,4,2,2,3,2.180890883,-4.670070418,Navar_E
251,1,2,4,1,7,4,5,2,2,4,2.078225118,3.414982277,Navar_L
251,1,2,4,1,7,4,6,3,2,4,-4.078251216,-1.249329138,Nelson_E
251,1,2,4,1,7,4,6,2,2,4,0.789331742,6.42021138,Nelson_L
251,1,2,4,1,7,4,5,2,2,3,-0.592235283,-4.415712623,Turbo_E
251,1,2,4,1,7,4,7,5,2,3,0.465522145,1.32344672,Turbo_L
251,1,2,4,1,7,4,6,5,2,4,-6.240110102,-1.115678747,Yukon_E
251,1,2,4,1,7,4,6,5,2,3,-6.260080193,4.918154752,Yukon_L
252,1,1,4,1,7,4,3,3,3,4,6.682682581,-2.541967427,Bolero_E
252,1,1,4,1,7,4,3,3,6,4,6.44115938,3.538032306,Bolero_L
252,1,1,4,1,7,4,5,3,3,2,-1.948242663,-4.2903897,Major_E
252,1,1,4,1,7,4,5,4,4,3,0.481107608,-1.331679381,Major_L
252,1,1,4,1,7,4,4,3,4,3,2.180890883,-4.670070418,Navar_E
252,1,1,4,1,7,4,3,4,5,2,2.078225118,3.414982277,Navar_L
252,1,1,4,1,7,4,5,3,5,5,-4.078251216,-1.249329138,Nelson_E
252,1,1,4,1,7,4,6,5,2,6,0.789331742,6.42021138,Nelson_L
252,1,1,4,1,7,4,5,4,3,3,-0.592235283,-4.415712623,Turbo_E
252,1,1,4,1,7,4,4,4,5,5,0.465522145,1.32344672,Turbo_L
252,1,1,4,1,7,4,4,3,3,5,-6.240110102,-1.115678747,Yukon_E
252,1,1,4,1,7,4,3,2,5,4,-6.260080193,4.918154752,Yukon_L
253,2,1,3,1,3,2,5,5,3,4,6.682682581,-2.541967427,Bolero_E
253,2,1,3,1,3,2,6,5,2,4,6.44115938,3.538032306,Bolero_L
253,2,1,3,1,3,2,4,5,4,4,-1.948242663,-4.2903897,Major_E
253,2,1,3,1,3,2,3,2,5,2,0.481107608,-1.331679381,Major_L
253,2,1,3,1,3,2,5,4,5,3,2.180890883,-4.670070418,Navar_E
253,2,1,3,1,3,2,5,4,2,4,2.078225118,3.414982277,Navar_L
253,2,1,3,1,3,2,6,5,2,4,-4.078251216,-1.249329138,Nelson_E
253,2,1,3,1,3,2,5,3,5,2,0.789331742,6.42021138,Nelson_L
253,2,1,3,1,3,2,4,3,4,2,-0.592235283,-4.415712623,Turbo_E
253,2,1,3,1,3,2,6,4,3,3,0.465522145,1.32344672,Turbo_L
253,2,1,3,1,3,2,4,4,3,3,-6.240110102,-1.115678747,Yukon_E
253,2,1,3,1,3,2,5,5,6,3,-6.260080193,4.918154752,Yukon_L
254,1,2,3,1,3,3,5,1,1,4,6.682682581,-2.541967427,Bolero_E
254,1,2,3,1,3,3,5,3,1,5,6.44115938,3.538032306,Bolero_L
254,1,2,3,1,3,3,4,1,2,2,-1.948242663,-4.2903897,Major_E
254,1,2,3,1,3,3,6,2,2,5,0.481107608,-1.331679381,Major_L
254,1,2,3,1,3,3,3,1,2,1,2.180890883,-4.670070418,Navar_E
254,1,2,3,1,3,3,4,1,1,2,2.078225118,3.414982277,Navar_L
254,1,2,3,1,3,3,4,1,1,3,-4.078251216,-1.249329138,Nelson_E
254,1,2,3,1,3,3,5,3,1,5,0.789331742,6.42021138,Nelson_L
254,1,2,3,1,3,3,4,1,1,2,-0.592235283,-4.415712623,Turbo_E
254,1,2,3,1,3,3,5,2,2,3,0.465522145,1.32344672,Turbo_L
254,1,2,3,1,3,3,4,1,1,2,-6.240110102,-1.115678747,Yukon_E
254,1,2,3,1,3,3,5,2,2,2,-6.260080193,4.918154752,Yukon_L
257,3,1,3,3,2,3,5,3,1,3,6.682682581,-2.541967427,Bolero_E
257,3,1,3,3,2,3,6,5,1,3,6.44115938,3.538032306,Bolero_L
257,3,1,3,3,2,3,4,2,1,2,-1.948242663,-4.2903897,Major_E
257,3,1,3,3,2,3,4,2,2,3,0.481107608,-1.331679381,Major_L
257,3,1,3,3,2,3,3,2,2,2,2.180890883,-4.670070418,Navar_E
257,3,1,3,3,2,3,4,3,1,5,2.078225118,3.414982277,Navar_L
257,3,1,3,3,2,3,6,5,2,5,-4.078251216,-1.249329138,Nelson_E
257,3,1,3,3,2,3,5,3,1,3,0.789331742,6.42021138,Nelson_L
257,3,1,3,3,2,3,3,1,1,1,-0.592235283,-4.415712623,Turbo_E
257,3,1,3,3,2,3,5,2,4,2,0.465522145,1.32344672,Turbo_L
257,3,1,3,3,2,3,5,3,2,3,-6.240110102,-1.115678747,Yukon_E
257,3,1,3,3,2,3,5,4,2,5,-6.260080193,4.918154752,Yukon_L
260,1,2,2,3,3,3,3,5,5,3,6.682682581,-2.541967427,Bolero_E
260,1,2,2,3,3,3,4,3,3,4,6.44115938,3.538032306,Bolero_L
260,1,2,2,3,3,3,2,3,4,2,-1.948242663,-4.2903897,Major_E
260,1,2,2,3,3,3,4,4,3,2,0.481107608,-1.331679381,Major_L
260,1,2,2,3,3,3,4,2,4,2,2.180890883,-4.670070418,Navar_E
260,1,2,2,3,3,3,6,5,2,4,2.078225118,3.414982277,Navar_L
260,1,2,2,3,3,3,4,2,3,2,-4.078251216,-1.249329138,Nelson_E
260,1,2,2,3,3,3,6,5,2,5,0.789331742,6.42021138,Nelson_L
260,1,2,2,3,3,3,4,4,3,3,-0.592235283,-4.415712623,Turbo_E
260,1,2,2,3,3,3,4,2,2,3,0.465522145,1.32344672,Turbo_L
260,1,2,2,3,3,3,4,3,3,2,-6.240110102,-1.115678747,Yukon_E
260,1,2,2,3,3,3,4,4,2,3,-6.260080193,4.918154752,Yukon_L
262,1,2,4,1,3,3,5,2,2,1,6.682682581,-2.541967427,Bolero_E
262,1,2,4,1,3,3,5,2,2,3,6.44115938,3.538032306,Bolero_L
262,1,2,4,1,3,3,5,1,1,2,-1.948242663,-4.2903897,Major_E
262,1,2,4,1,3,3,5,2,3,3,0.481107608,-1.331679381,Major_L
262,1,2,4,1,3,3,5,2,1,2,2.180890883,-4.670070418,Navar_E
262,1,2,4,1,3,3,5,3,2,2,2.078225118,3.414982277,Navar_L
262,1,2,4,1,3,3,5,2,2,2,-4.078251216,-1.249329138,Nelson_E
262,1,2,4,1,3,3,5,2,2,2,0.789331742,6.42021138,Nelson_L
262,1,2,4,1,3,3,5,2,2,2,-0.592235283,-4.415712623,Turbo_E
262,1,2,4,1,3,3,5,3,2,2,0.465522145,1.32344672,Turbo_L
262,1,2,4,1,3,3,5,2,2,2,-6.240110102,-1.115678747,Yukon_E
262,1,2,4,1,3,3,5,2,3,2,-6.260080193,4.918154752,Yukon_L
263,1,2,3,3,2,3,4,2,2,2,6.682682581,-2.541967427,Bolero_E
263,1,2,3,3,2,3,4,5,5,3,6.44115938,3.538032306,Bolero_L
263,1,2,3,3,2,3,5,5,1,2,-1.948242663,-4.2903897,Major_E
263,1,2,3,3,2,3,3,1,5,1,0.481107608,-1.331679381,Major_L
263,1,2,3,3,2,3,5,4,2,2,2.180890883,-4.670070418,Navar_E
263,1,2,3,3,2,3,5,4,1,3,2.078225118,3.414982277,Navar_L
263,1,2,3,3,2,3,6,5,1,2,-4.078251216,-1.249329138,Nelson_E
263,1,2,3,3,2,3,5,5,2,4,0.789331742,6.42021138,Nelson_L
263,1,2,3,3,2,3,4,4,2,2,-0.592235283,-4.415712623,Turbo_E
263,1,2,3,3,2,3,4,2,1,1,0.465522145,1.32344672,Turbo_L
263,1,2,3,3,2,3,5,5,1,3,-6.240110102,-1.115678747,Yukon_E
263,1,2,3,3,2,3,4,3,1,2,-6.260080193,4.918154752,Yukon_L
264,3,2,1,1,2,2,4,3,3,6,6.682682581,-2.541967427,Bolero_E
264,3,2,1,1,2,2,5,5,3,5,6.44115938,3.538032306,Bolero_L
264,3,2,1,1,2,2,4,3,2,3,-1.948242663,-4.2903897,Major_E
264,3,2,1,1,2,2,4,3,3,3,0.481107608,-1.331679381,Major_L
264,3,2,1,1,2,2,4,3,3,3,2.180890883,-4.670070418,Navar_E
264,3,2,1,1,2,2,5,5,3,4,2.078225118,3.414982277,Navar_L
264,3,2,1,1,2,2,4,3,2,5,-4.078251216,-1.249329138,Nelson_E
264,3,2,1,1,2,2,4,3,5,5,0.789331742,6.42021138,Nelson_L
264,3,2,1,1,2,2,4,3,1,4,-0.592235283,-4.415712623,Turbo_E
264,3,2,1,1,2,2,4,4,3,3,0.465522145,1.32344672,Turbo_L
264,3,2,1,1,2,2,4,2,2,4,-6.240110102,-1.115678747,Yukon_E
264,3,2,1,1,2,2,3,2,6,3,-6.260080193,4.918154752,Yukon_L
265,1,2,3,3,3,3,6,3,3,4,6.682682581,-2.541967427,Bolero_E
265,1,2,3,3,3,3,6,4,3,5,6.44115938,3.538032306,Bolero_L
265,1,2,3,3,3,3,4,2,2,2,-1.948242663,-4.2903897,Major_E
265,1,2,3,3,3,3,5,4,2,3,0.481107608,-1.331679381,Major_L
265,1,2,3,3,3,3,4,4,2,2,2.180890883,-4.670070418,Navar_E
265,1,2,3,3,3,3,5,2,3,4,2.078225118,3.414982277,Navar_L
265,1,2,3,3,3,3,5,3,2,2,-4.078251216,-1.249329138,Nelson_E
265,1,2,3,3,3,3,5,5,1,5,0.789331742,6.42021138,Nelson_L
265,1,2,3,3,3,3,6,6,3,2,-0.592235283,-4.415712623,Turbo_E
265,1,2,3,3,3,3,5,5,1,5,0.465522145,1.32344672,Turbo_L
265,1,2,3,3,3,3,6,2,4,4,-6.240110102,-1.115678747,Yukon_E
265,1,2,3,3,3,3,6,5,2,4,-6.260080193,4.918154752,Yukon_L
266,1,2,1,3,1,2,3,4,5,4,6.682682581,-2.541967427,Bolero_E
266,1,2,1,3,1,2,5,5,3,5,6.44115938,3.538032306,Bolero_L
266,1,2,1,3,1,2,5,3,3,3,-1.948242663,-4.2903897,Major_E
266,1,2,1,3,1,2,3,3,5,3,0.481107608,-1.331679381,Major_L
266,1,2,1,3,1,2,6,6,2,5,2.180890883,-4.670070418,Navar_E
266,1,2,1,3,1,2,4,4,5,4,2.078225118,3.414982277,Navar_L
266,1,2,1,3,1,2,6,6,2,5,-4.078251216,-1.249329138,Nelson_E
266,1,2,1,3,1,2,5,3,5,4,0.789331742,6.42021138,Nelson_L
266,1,2,1,3,1,2,5,5,2,6,-0.592235283,-4.415712623,Turbo_E
266,1,2,1,3,1,2,5,6,3,4,0.465522145,1.32344672,Turbo_L
266,1,2,1,3,1,2,4,6,1,5,-6.240110102,-1.115678747,Yukon_E
266,1,2,1,3,1,2,5,5,2,3,-6.260080193,4.918154752,Yukon_L
267,5,2,1,3,6,3,6,3,2,3,6.682682581,-2.541967427,Bolero_E
267,5,2,1,3,6,3,7,7,2,6,6.44115938,3.538032306,Bolero_L
267,5,2,1,3,6,3,2,2,2,3,-1.948242663,-4.2903897,Major_E
267,5,2,1,3,6,3,6,5,2,3,0.481107608,-1.331679381,Major_L
267,5,2,1,3,6,3,5,5,1,6,2.180890883,-4.670070418,Navar_E
267,5,2,1,3,6,3,6,6,1,5,2.078225118,3.414982277,Navar_L
267,5,2,1,3,6,3,5,5,2,3,-4.078251216,-1.249329138,Nelson_E
267,5,2,1,3,6,3,7,6,2,5,0.789331742,6.42021138,Nelson_L
267,5,2,1,3,6,3,3,2,2,5,-0.592235283,-4.415712623,Turbo_E
267,5,2,1,3,6,3,6,3,2,2,0.465522145,1.32344672,Turbo_L
267,5,2,1,3,6,3,7,2,2,5,-6.240110102,-1.115678747,Yukon_E
267,5,2,1,3,6,3,7,7,2,6,-6.260080193,4.918154752,Yukon_L
268,2,2,1,3,4,3,7,5,2,7,6.682682581,-2.541967427,Bolero_E
268,2,2,1,3,4,3,5,5,2,6,6.44115938,3.538032306,Bolero_L
268,2,2,1,3,4,3,4,2,1,3,-1.948242663,-4.2903897,Major_E
268,2,2,1,3,4,3,3,2,5,2,0.481107608,-1.331679381,Major_L
268,2,2,1,3,4,3,6,3,2,6,2.180890883,-4.670070418,Navar_E
268,2,2,1,3,4,3,4,3,2,5,2.078225118,3.414982277,Navar_L
268,2,2,1,3,4,3,6,5,1,6,-4.078251216,-1.249329138,Nelson_E
268,2,2,1,3,4,3,5,5,2,7,0.789331742,6.42021138,Nelson_L
268,2,2,1,3,4,3,4,3,2,4,-0.592235283,-4.415712623,Turbo_E
268,2,2,1,3,4,3,3,2,3,4,0.465522145,1.32344672,Turbo_L
268,2,2,1,3,4,3,3,3,2,3,-6.240110102,-1.115678747,Yukon_E
268,2,2,1,3,4,3,7,5,3,6,-6.260080193,4.918154752,Yukon_L
270,1,1,3,1,3,4,4,2,2,3,6.682682581,-2.541967427,Bolero_E
270,1,1,3,1,3,4,5,3,2,2,6.44115938,3.538032306,Bolero_L
270,1,1,3,1,3,4,4,2,2,2,-1.948242663,-4.2903897,Major_E
270,1,1,3,1,3,4,4,2,3,2,0.481107608,-1.331679381,Major_L
270,1,1,3,1,3,4,4,2,3,2,2.180890883,-4.670070418,Navar_E
270,1,1,3,1,3,4,5,3,1,3,2.078225118,3.414982277,Navar_L
270,1,1,3,1,3,4,5,2,1,3,-4.078251216,-1.249329138,Nelson_E
270,1,1,3,1,3,4,4,2,1,2,0.789331742,6.42021138,Nelson_L
270,1,1,3,1,3,4,4,2,1,2,-0.592235283,-4.415712623,Turbo_E
270,1,1,3,1,3,4,4,2,2,2,0.465522145,1.32344672,Turbo_L
270,1,1,3,1,3,4,4,2,1,2,-6.240110102,-1.115678747,Yukon_E
270,1,1,3,1,3,4,5,3,1,3,-6.260080193,4.918154752,Yukon_L
271,1,2,3,1,3,4,6,3,1,6,6.682682581,-2.541967427,Bolero_E
271,1,2,3,1,3,4,6,3,1,5,6.44115938,3.538032306,Bolero_L
271,1,2,3,1,3,4,7,2,1,3,-1.948242663,-4.2903897,Major_E
271,1,2,3,1,3,4,7,2,1,3,0.481107608,-1.331679381,Major_L
271,1,2,3,1,3,4,7,2,1,2,2.180890883,-4.670070418,Navar_E
271,1,2,3,1,3,4,7,3,1,5,2.078225118,3.414982277,Navar_L
271,1,2,3,1,3,4,7,3,1,6,-4.078251216,-1.249329138,Nelson_E
271,1,2,3,1,3,4,6,5,1,6,0.789331742,6.42021138,Nelson_L
271,1,2,3,1,3,4,6,5,1,6,-0.592235283,-4.415712623,Turbo_E
271,1,2,3,1,3,4,7,2,1,3,0.465522145,1.32344672,Turbo_L
271,1,2,3,1,3,4,7,2,1,5,-6.240110102,-1.115678747,Yukon_E
271,1,2,3,1,3,4,7,6,1,4,-6.260080193,4.918154752,Yukon_L
272,1,2,1,1,6,1,1,1,7,6,6.682682581,-2.541967427,Bolero_E
272,1,2,1,1,6,1,7,6,2,6,6.44115938,3.538032306,Bolero_L
272,1,2,1,1,6,1,4,2,5,2,-1.948242663,-4.2903897,Major_E
272,1,2,1,1,6,1,2,2,6,2,0.481107608,-1.331679381,Major_L
272,1,2,1,1,6,1,7,5,3,5,2.180890883,-4.670070418,Navar_E
272,1,2,1,1,6,1,3,2,6,2,2.078225118,3.414982277,Navar_L
272,1,2,1,1,6,1,6,3,4,3,-4.078251216,-1.249329138,Nelson_E
272,1,2,1,1,6,1,2,3,5,4,0.789331742,6.42021138,Nelson_L
272,1,2,1,1,6,1,4,5,3,3,-0.592235283,-4.415712623,Turbo_E
272,1,2,1,1,6,1,7,6,2,2,0.465522145,1.32344672,Turbo_L
272,1,2,1,1,6,1,7,5,1,6,-6.240110102,-1.115678747,Yukon_E
272,1,2,1,1,6,1,7,5,2,5,-6.260080193,4.918154752,Yukon_L
273,2,2,3,3,1,4,5,3,2,NA,6.682682581,-2.541967427,Bolero_E
273,2,2,3,3,1,4,5,4,1,5,6.44115938,3.538032306,Bolero_L
273,2,2,3,3,1,4,4,3,1,3,-1.948242663,-4.2903897,Major_E
273,2,2,3,3,1,4,4,4,4,4,0.481107608,-1.331679381,Major_L
273,2,2,3,3,1,4,4,2,1,3,2.180890883,-4.670070418,Navar_E
273,2,2,3,3,1,4,7,5,1,5,2.078225118,3.414982277,Navar_L
273,2,2,3,3,1,4,6,5,1,4,-4.078251216,-1.249329138,Nelson_E
273,2,2,3,3,1,4,5,4,2,5,0.789331742,6.42021138,Nelson_L
273,2,2,3,3,1,4,4,3,2,3,-0.592235283,-4.415712623,Turbo_E
273,2,2,3,3,1,4,5,4,1,5,0.465522145,1.32344672,Turbo_L
273,2,2,3,3,1,4,3,2,3,3,-6.240110102,-1.115678747,Yukon_E
273,2,2,3,3,1,4,5,5,2,3,-6.260080193,4.918154752,Yukon_L
274,3,1,3,1,3,3,4,3,1,3,6.682682581,-2.541967427,Bolero_E
274,3,1,3,1,3,3,5,3,1,2,6.44115938,3.538032306,Bolero_L
274,3,1,3,1,3,3,3,1,2,2,-1.948242663,-4.2903897,Major_E
274,3,1,3,1,3,3,6,5,1,5,0.481107608,-1.331679381,Major_L
274,3,1,3,1,3,3,3,2,1,3,2.180890883,-4.670070418,Navar_E
274,3,1,3,1,3,3,3,2,2,2,2.078225118,3.414982277,Navar_L
274,3,1,3,1,3,3,4,2,2,3,-4.078251216,-1.249329138,Nelson_E
274,3,1,3,1,3,3,5,5,1,4,0.789331742,6.42021138,Nelson_L
274,3,1,3,1,3,3,4,3,1,2,-0.592235283,-4.415712623,Turbo_E
274,3,1,3,1,3,3,5,2,1,4,0.465522145,1.32344672,Turbo_L
274,3,1,3,1,3,3,4,1,1,3,-6.240110102,-1.115678747,Yukon_E
274,3,1,3,1,3,3,5,4,1,3,-6.260080193,4.918154752,Yukon_L
275,1,2,4,1,7,1,4,2,2,6,6.682682581,-2.541967427,Bolero_E
275,1,2,4,1,7,1,6,3,4,5,6.44115938,3.538032306,Bolero_L
275,1,2,4,1,7,1,6,5,2,5,-1.948242663,-4.2903897,Major_E
275,1,2,4,1,7,1,5,3,4,5,0.481107608,-1.331679381,Major_L
275,1,2,4,1,7,1,5,3,3,4,2.180890883,-4.670070418,Navar_E
275,1,2,4,1,7,1,5,4,3,5,2.078225118,3.414982277,Navar_L
275,1,2,4,1,7,1,6,5,3,5,-4.078251216,-1.249329138,Nelson_E
275,1,2,4,1,7,1,6,5,2,5,0.789331742,6.42021138,Nelson_L
275,1,2,4,1,7,1,5,3,3,3,-0.592235283,-4.415712623,Turbo_E
275,1,2,4,1,7,1,5,3,3,5,0.465522145,1.32344672,Turbo_L
275,1,2,4,1,7,1,5,4,2,4,-6.240110102,-1.115678747,Yukon_E
275,1,2,4,1,7,1,5,5,3,5,-6.260080193,4.918154752,Yukon_L
276,3,1,3,3,2,3,5,3,3,3,6.682682581,-2.541967427,Bolero_E
276,3,1,3,3,2,3,4,2,1,2,6.44115938,3.538032306,Bolero_L
276,3,1,3,3,2,3,4,2,4,3,-1.948242663,-4.2903897,Major_E
276,3,1,3,3,2,3,4,3,2,3,0.481107608,-1.331679381,Major_L
276,3,1,3,3,2,3,5,2,2,3,2.180890883,-4.670070418,Navar_E
276,3,1,3,3,2,3,3,4,5,3,2.078225118,3.414982277,Navar_L
276,3,1,3,3,2,3,4,4,2,4,-4.078251216,-1.249329138,Nelson_E
276,3,1,3,3,2,3,6,3,2,4,0.789331742,6.42021138,Nelson_L
276,3,1,3,3,2,3,5,2,3,3,-0.592235283,-4.415712623,Turbo_E
276,3,1,3,3,2,3,6,4,2,4,0.465522145,1.32344672,Turbo_L
276,3,1,3,3,2,3,5,3,4,4,-6.240110102,-1.115678747,Yukon_E
276,3,1,3,3,2,3,6,2,2,3,-6.260080193,4.918154752,Yukon_L
277,3,2,4,1,7,2,7,3,2,5,6.682682581,-2.541967427,Bolero_E
277,3,2,4,1,7,2,4,2,3,4,6.44115938,3.538032306,Bolero_L
277,3,2,4,1,7,2,3,2,3,5,-1.948242663,-4.2903897,Major_E
277,3,2,4,1,7,2,4,2,3,2,0.481107608,-1.331679381,Major_L
277,3,2,4,1,7,2,5,3,4,4,2.180890883,-4.670070418,Navar_E
277,3,2,4,1,7,2,4,2,5,5,2.078225118,3.414982277,Navar_L
277,3,2,4,1,7,2,4,2,3,3,-4.078251216,-1.249329138,Nelson_E
277,3,2,4,1,7,2,6,2,5,4,0.789331742,6.42021138,Nelson_L
277,3,2,4,1,7,2,3,2,3,2,-0.592235283,-4.415712623,Turbo_E
277,3,2,4,1,7,2,6,5,2,5,0.465522145,1.32344672,Turbo_L
277,3,2,4,1,7,2,5,3,3,2,-6.240110102,-1.115678747,Yukon_E
277,3,2,4,1,7,2,5,2,3,3,-6.260080193,4.918154752,Yukon_L
278,3,2,3,1,7,3,5,3,1,6,6.682682581,-2.541967427,Bolero_E
278,3,2,3,1,7,3,6,6,1,4,6.44115938,3.538032306,Bolero_L
278,3,2,3,1,7,3,5,2,2,3,-1.948242663,-4.2903897,Major_E
278,3,2,3,1,7,3,7,4,1,3,0.481107608,-1.331679381,Major_L
278,3,2,3,1,7,3,7,2,3,4,2.180890883,-4.670070418,Navar_E
278,3,2,3,1,7,3,5,3,1,3,2.078225118,3.414982277,Navar_L
278,3,2,3,1,7,3,4,2,1,5,-4.078251216,-1.249329138,Nelson_E
278,3,2,3,1,7,3,6,5,1,6,0.789331742,6.42021138,Nelson_L
278,3,2,3,1,7,3,4,2,4,5,-0.592235283,-4.415712623,Turbo_E
278,3,2,3,1,7,3,5,3,1,3,0.465522145,1.32344672,Turbo_L
278,3,2,3,1,7,3,5,5,1,6,-6.240110102,-1.115678747,Yukon_E
278,3,2,3,1,7,3,6,6,1,6,-6.260080193,4.918154752,Yukon_L
279,1,2,1,3,6,3,4,4,4,4,6.682682581,-2.541967427,Bolero_E
279,1,2,1,3,6,3,2,2,6,4,6.44115938,3.538032306,Bolero_L
279,1,2,1,3,6,3,6,5,2,5,-1.948242663,-4.2903897,Major_E
279,1,2,1,3,6,3,3,3,4,1,0.481107608,-1.331679381,Major_L
279,1,2,1,3,6,3,6,5,2,4,2.180890883,-4.670070418,Navar_E
279,1,2,1,3,6,3,1,1,7,6,2.078225118,3.414982277,Navar_L
279,1,2,1,3,6,3,7,5,1,6,-4.078251216,-1.249329138,Nelson_E
279,1,2,1,3,6,3,3,3,4,3,0.789331742,6.42021138,Nelson_L
279,1,2,1,3,6,3,4,4,3,1,-0.592235283,-4.415712623,Turbo_E
279,1,2,1,3,6,3,4,2,6,3,0.465522145,1.32344672,Turbo_L
279,1,2,1,3,6,3,5,4,1,2,-6.240110102,-1.115678747,Yukon_E
279,1,2,1,3,6,3,5,4,4,4,-6.260080193,4.918154752,Yukon_L
280,5,2,3,3,1,2,4,3,1,2,6.682682581,-2.541967427,Bolero_E
280,5,2,3,3,1,2,4,3,2,3,6.44115938,3.538032306,Bolero_L
280,5,2,3,3,1,2,4,2,1,3,-1.948242663,-4.2903897,Major_E
280,5,2,3,3,1,2,4,3,2,2,0.481107608,-1.331679381,Major_L
280,5,2,3,3,1,2,4,2,3,2,2.180890883,-4.670070418,Navar_E
280,5,2,3,3,1,2,6,6,1,5,2.078225118,3.414982277,Navar_L
280,5,2,3,3,1,2,5,3,1,3,-4.078251216,-1.249329138,Nelson_E
280,5,2,3,3,1,2,5,5,1,3,0.789331742,6.42021138,Nelson_L
280,5,2,3,3,1,2,3,2,3,3,-0.592235283,-4.415712623,Turbo_E
280,5,2,3,3,1,2,3,2,4,3,0.465522145,1.32344672,Turbo_L
280,5,2,3,3,1,2,5,4,1,3,-6.240110102,-1.115678747,Yukon_E
280,5,2,3,3,1,2,5,6,1,5,-6.260080193,4.918154752,Yukon_L
281,5,1,1,3,6,2,7,NA,3,NA,6.682682581,-2.541967427,Bolero_E
281,5,1,1,3,6,2,7,6,4,5,6.44115938,3.538032306,Bolero_L
281,5,1,1,3,6,2,4,2,4,5,-1.948242663,-4.2903897,Major_E
281,5,1,1,3,6,2,NA,2,6,3,0.481107608,-1.331679381,Major_L
281,5,1,1,3,6,2,3,3,4,3,2.180890883,-4.670070418,Navar_E
281,5,1,1,3,6,2,6,6,3,3,2.078225118,3.414982277,Navar_L
281,5,1,1,3,6,2,5,6,2,6,-4.078251216,-1.249329138,Nelson_E
281,5,1,1,3,6,2,5,5,3,6,0.789331742,6.42021138,Nelson_L
281,5,1,1,3,6,2,3,2,3,5,-0.592235283,-4.415712623,Turbo_E
281,5,1,1,3,6,2,2,4,4,3,0.465522145,1.32344672,Turbo_L
281,5,1,1,3,6,2,4,5,2,4,-6.240110102,-1.115678747,Yukon_E
281,5,1,1,3,6,2,6,4,3,3,-6.260080193,4.918154752,Yukon_L
282,2,1,3,3,5,2,5,4,2,4,6.682682581,-2.541967427,Bolero_E
282,2,1,3,3,5,2,5,4,2,4,6.44115938,3.538032306,Bolero_L
282,2,1,3,3,5,2,5,4,1,4,-1.948242663,-4.2903897,Major_E
282,2,1,3,3,5,2,4,2,3,3,0.481107608,-1.331679381,Major_L
282,2,1,3,3,5,2,4,2,4,3,2.180890883,-4.670070418,Navar_E
282,2,1,3,3,5,2,5,2,3,3,2.078225118,3.414982277,Navar_L
282,2,1,3,3,5,2,4,1,3,3,-4.078251216,-1.249329138,Nelson_E
282,2,1,3,3,5,2,5,2,4,3,0.789331742,6.42021138,Nelson_L
282,2,1,3,3,5,2,4,3,3,3,-0.592235283,-4.415712623,Turbo_E
282,2,1,3,3,5,2,5,3,3,4,0.465522145,1.32344672,Turbo_L
282,2,1,3,3,5,2,4,2,4,4,-6.240110102,-1.115678747,Yukon_E
282,2,1,3,3,5,2,5,3,3,3,-6.260080193,4.918154752,Yukon_L
283,1,1,2,1,3,3,4,4,2,3,6.682682581,-2.541967427,Bolero_E
283,1,1,2,1,3,3,5,5,2,3,6.44115938,3.538032306,Bolero_L
283,1,1,2,1,3,3,4,2,2,2,-1.948242663,-4.2903897,Major_E
283,1,1,2,1,3,3,4,3,2,3,0.481107608,-1.331679381,Major_L
283,1,1,2,1,3,3,4,2,3,2,2.180890883,-4.670070418,Navar_E
283,1,1,2,1,3,3,5,4,2,4,2.078225118,3.414982277,Navar_L
283,1,1,2,1,3,3,5,5,1,5,-4.078251216,-1.249329138,Nelson_E
283,1,1,2,1,3,3,4,3,3,3,0.789331742,6.42021138,Nelson_L
283,1,1,2,1,3,3,4,4,2,4,-0.592235283,-4.415712623,Turbo_E
283,1,1,2,1,3,3,5,4,2,4,0.465522145,1.32344672,Turbo_L
283,1,1,2,1,3,3,4,3,2,3,-6.240110102,-1.115678747,Yukon_E
283,1,1,2,1,3,3,5,4,1,5,-6.260080193,4.918154752,Yukon_L